,ZIKV,DENV2,DENV4,CHIKV,DENV3,DENV1,YFV,start,end
1,0.497293532155,0.878004561012,0.659140343985,0.422567777948,0.380375595933,0.259563429997,0.405080880071,1.0,118.0
2,0.497293532155,0.878004561012,0.659140343985,0.422567777948,0.380375595933,0.259563429997,0.405080880071,1.0,118.0
3,0.497293532155,0.878004561012,0.659140343985,0.422567777948,0.380375595933,0.259563429997,0.405080880071,1.0,118.0
4,0.497293532155,0.878004561012,0.659140343985,0.422567777948,0.380375595933,0.259563429997,0.405080880071,1.0,118.0
5,0.497293532155,0.878004561012,0.659140343985,0.422567777948,0.380375595933,0.259563429997,0.405080880071,1.0,118.0
6,0.497293532155,0.878004561012,0.659140343985,0.422567777948,0.380375595933,0.259563429997,0.405080880071,1.0,118.0
7,0.497293532155,0.878004561012,0.659140343985,0.422567777948,0.380375595933,0.259563429997,0.405080880071,1.0,118.0
8,0.497293532155,0.878004561012,0.659140343985,0.422567777948,0.380375595933,0.259563429997,0.405080880071,1.0,118.0
9,0.497293532155,0.878004561012,0.659140343985,0.422567777948,0.380375595933,0.259563429997,0.405080880071,1.0,118.0
10,0.497293532155,0.878004561012,0.659140343985,0.422567777948,0.380375595933,0.259563429997,0.405080880071,1.0,118.0
11,0.497293532155,0.878004561012,0.659140343985,0.422567777948,0.380375595933,0.259563429997,0.405080880071,1.0,118.0
12,0.497293532155,0.878004561012,0.659140343985,0.422567777948,0.380375595933,0.259563429997,0.405080880071,1.0,118.0
13,0.497293532155,0.878004561012,0.659140343985,0.422567777948,0.380375595933,0.259563429997,0.405080880071,1.0,118.0
14,0.497293532155,0.878004561012,0.659140343985,0.422567777948,0.380375595933,0.259563429997,0.405080880071,1.0,118.0
15,0.497293532155,0.878004561012,0.659140343985,0.422567777948,0.380375595933,0.259563429997,0.405080880071,1.0,118.0
16,0.497293532155,0.878004561012,0.659140343985,0.422567777948,0.380375595933,0.259563429997,0.405080880071,1.0,118.0
17,0.497293532155,0.878004561012,0.659140343985,0.422567777948,0.380375595933,0.259563429997,0.405080880071,1.0,118.0
18,0.497293532155,0.878004561012,0.659140343985,0.422567777948,0.380375595933,0.259563429997,0.405080880071,1.0,118.0
19,0.497293532155,0.878004561012,0.659140343985,0.422567777948,0.380375595933,0.259563429997,0.405080880071,1.0,118.0
20,0.497293532155,0.878004561012,0.659140343985,0.422567777948,0.380375595933,0.259563429997,0.405080880071,1.0,118.0
21,0.497293532155,0.878004561012,0.659140343985,0.422567777948,0.380375595933,0.259563429997,0.405080880071,1.0,118.0
22,0.497293532155,0.878004561012,0.659140343985,0.422567777948,0.380375595933,0.259563429997,0.405080880071,1.0,118.0
23,0.497293532155,0.878004561012,0.659140343985,0.422567777948,0.380375595933,0.259563429997,0.405080880071,1.0,118.0
24,0.497293532155,0.878004561012,0.659140343985,0.422567777948,0.380375595933,0.259563429997,0.405080880071,1.0,118.0
25,0.497293532155,0.878004561012,0.659140343985,0.422567777948,0.380375595933,0.259563429997,0.405080880071,1.0,118.0
26,0.497293532155,0.878004561012,0.659140343985,0.422567777948,0.380375595933,0.259563429997,0.405080880071,1.0,118.0
27,0.497293532155,0.878004561012,0.659140343985,0.422567777948,0.380375595933,0.259563429997,0.405080880071,1.0,118.0
28,0.497293532155,0.878004561012,0.659140343985,0.422567777948,0.380375595933,0.259563429997,0.405080880071,1.0,118.0
29,0.497293532155,0.878004561012,0.659140343985,0.422567777948,0.380375595933,0.259563429997,0.405080880071,1.0,118.0
30,0.497293532155,0.878004561012,0.659140343985,0.422567777948,0.380375595933,0.259563429997,0.405080880071,1.0,118.0
31,0.497293532155,0.878004561012,0.659140343985,0.422567777948,0.380375595933,0.259563429997,0.405080880071,1.0,118.0
32,0.497293532155,0.878004561012,0.659140343985,0.422567777948,0.380375595933,0.259563429997,0.405080880071,1.0,118.0
33,0.497293532155,0.878004561012,0.659140343985,0.422567777948,0.380375595933,0.259563429997,0.405080880071,1.0,118.0
34,0.497293532155,0.878004561012,0.659140343985,0.422567777948,0.380375595933,0.259563429997,0.405080880071,1.0,118.0
35,0.497293532155,0.878004561012,0.659140343985,0.422567777948,0.380375595933,0.259563429997,0.405080880071,1.0,118.0
36,0.497293532155,0.878004561012,0.659140343985,0.422567777948,0.380375595933,0.259563429997,0.405080880071,1.0,118.0
37,0.497293532155,0.878004561012,0.659140343985,0.422567777948,0.380375595933,0.259563429997,0.405080880071,1.0,118.0
38,0.497293532155,0.878004561012,0.659140343985,0.422567777948,0.380375595933,0.259563429997,0.405080880071,1.0,118.0
39,0.497293532155,0.878004561012,0.659140343985,0.422567777948,0.380375595933,0.259563429997,0.405080880071,1.0,118.0
40,0.497293532155,0.878004561012,0.659140343985,0.422567777948,0.380375595933,0.259563429997,0.405080880071,1.0,118.0
41,0.497293532155,0.878004561012,0.659140343985,0.422567777948,0.380375595933,0.259563429997,0.405080880071,1.0,118.0
42,0.497293532155,0.878004561012,0.659140343985,0.422567777948,0.380375595933,0.259563429997,0.405080880071,1.0,118.0
43,0.497293532155,0.878004561012,0.659140343985,0.422567777948,0.380375595933,0.259563429997,0.405080880071,1.0,118.0
44,0.497293532155,0.878004561012,0.659140343985,0.422567777948,0.380375595933,0.259563429997,0.405080880071,1.0,118.0
45,0.497293532155,0.878004561012,0.659140343985,0.422567777948,0.380375595933,0.259563429997,0.405080880071,1.0,118.0
46,0.497293532155,0.878004561012,0.659140343985,0.422567777948,0.380375595933,0.259563429997,0.405080880071,1.0,118.0
47,0.497293532155,0.878004561012,0.659140343985,0.422567777948,0.380375595933,0.259563429997,0.405080880071,1.0,118.0
48,0.497293532155,0.878004561012,0.659140343985,0.422567777948,0.380375595933,0.259563429997,0.405080880071,1.0,118.0
49,0.497293532155,0.878004561012,0.659140343985,0.422567777948,0.380375595933,0.259563429997,0.405080880071,1.0,118.0
50,0.497293532155,0.878004561012,0.659140343985,0.422567777948,0.380375595933,0.259563429997,0.405080880071,1.0,118.0
51,0.497293532155,0.878004561012,0.659140343985,0.422567777948,0.380375595933,0.259563429997,0.405080880071,1.0,118.0
52,0.497293532155,0.878004561012,0.659140343985,0.422567777948,0.380375595933,0.259563429997,0.405080880071,1.0,118.0
53,0.497293532155,0.878004561012,0.659140343985,0.422567777948,0.380375595933,0.259563429997,0.405080880071,1.0,118.0
54,0.497293532155,0.878004561012,0.659140343985,0.422567777948,0.380375595933,0.259563429997,0.405080880071,1.0,118.0
55,0.497293532155,0.878004561012,0.659140343985,0.422567777948,0.380375595933,0.259563429997,0.405080880071,1.0,118.0
56,0.497293532155,0.878004561012,0.659140343985,0.422567777948,0.380375595933,0.259563429997,0.405080880071,1.0,118.0
57,0.497293532155,0.878004561012,0.659140343985,0.422567777948,0.380375595933,0.259563429997,0.405080880071,1.0,118.0
58,0.497293532155,0.878004561012,0.659140343985,0.422567777948,0.380375595933,0.259563429997,0.405080880071,1.0,118.0
59,0.497293532155,0.878004561012,0.659140343985,0.422567777948,0.380375595933,0.259563429997,0.405080880071,1.0,118.0
60,0.497293532155,0.878004561012,0.659140343985,0.422567777948,0.380375595933,0.259563429997,0.405080880071,1.0,118.0
61,0.729770482733,0.530215629585,0.759676941463,0.816091269049,0.407838456867,0.483046760166,1.10650693399,31.0,148.0
62,0.729770482733,0.530215629585,0.759676941463,0.816091269049,0.407838456867,0.483046760166,1.10650693399,31.0,148.0
63,0.729770482733,0.530215629585,0.759676941463,0.816091269049,0.407838456867,0.483046760166,1.10650693399,31.0,148.0
64,0.729770482733,0.530215629585,0.759676941463,0.816091269049,0.407838456867,0.483046760166,1.10650693399,31.0,148.0
65,0.729770482733,0.530215629585,0.759676941463,0.816091269049,0.407838456867,0.483046760166,1.10650693399,31.0,148.0
66,0.729770482733,0.530215629585,0.759676941463,0.816091269049,0.407838456867,0.483046760166,1.10650693399,31.0,148.0
67,0.729770482733,0.530215629585,0.759676941463,0.816091269049,0.407838456867,0.483046760166,1.10650693399,31.0,148.0
68,0.729770482733,0.530215629585,0.759676941463,0.816091269049,0.407838456867,0.483046760166,1.10650693399,31.0,148.0
69,0.729770482733,0.530215629585,0.759676941463,0.816091269049,0.407838456867,0.483046760166,1.10650693399,31.0,148.0
70,0.729770482733,0.530215629585,0.759676941463,0.816091269049,0.407838456867,0.483046760166,1.10650693399,31.0,148.0
71,0.729770482733,0.530215629585,0.759676941463,0.816091269049,0.407838456867,0.483046760166,1.10650693399,31.0,148.0
72,0.729770482733,0.530215629585,0.759676941463,0.816091269049,0.407838456867,0.483046760166,1.10650693399,31.0,148.0
73,0.729770482733,0.530215629585,0.759676941463,0.816091269049,0.407838456867,0.483046760166,1.10650693399,31.0,148.0
74,0.729770482733,0.530215629585,0.759676941463,0.816091269049,0.407838456867,0.483046760166,1.10650693399,31.0,148.0
75,0.729770482733,0.530215629585,0.759676941463,0.816091269049,0.407838456867,0.483046760166,1.10650693399,31.0,148.0
76,0.729770482733,0.530215629585,0.759676941463,0.816091269049,0.407838456867,0.483046760166,1.10650693399,31.0,148.0
77,0.729770482733,0.530215629585,0.759676941463,0.816091269049,0.407838456867,0.483046760166,1.10650693399,31.0,148.0
78,0.729770482733,0.530215629585,0.759676941463,0.816091269049,0.407838456867,0.483046760166,1.10650693399,31.0,148.0
79,0.729770482733,0.530215629585,0.759676941463,0.816091269049,0.407838456867,0.483046760166,1.10650693399,31.0,148.0
80,0.729770482733,0.530215629585,0.759676941463,0.816091269049,0.407838456867,0.483046760166,1.10650693399,31.0,148.0
81,0.729770482733,0.530215629585,0.759676941463,0.816091269049,0.407838456867,0.483046760166,1.10650693399,31.0,148.0
82,0.729770482733,0.530215629585,0.759676941463,0.816091269049,0.407838456867,0.483046760166,1.10650693399,31.0,148.0
83,0.729770482733,0.530215629585,0.759676941463,0.816091269049,0.407838456867,0.483046760166,1.10650693399,31.0,148.0
84,0.729770482733,0.530215629585,0.759676941463,0.816091269049,0.407838456867,0.483046760166,1.10650693399,31.0,148.0
85,0.729770482733,0.530215629585,0.759676941463,0.816091269049,0.407838456867,0.483046760166,1.10650693399,31.0,148.0
86,0.729770482733,0.530215629585,0.759676941463,0.816091269049,0.407838456867,0.483046760166,1.10650693399,31.0,148.0
87,0.729770482733,0.530215629585,0.759676941463,0.816091269049,0.407838456867,0.483046760166,1.10650693399,31.0,148.0
88,0.729770482733,0.530215629585,0.759676941463,0.816091269049,0.407838456867,0.483046760166,1.10650693399,31.0,148.0
89,0.729770482733,0.530215629585,0.759676941463,0.816091269049,0.407838456867,0.483046760166,1.10650693399,31.0,148.0
90,0.729770482733,0.530215629585,0.759676941463,0.816091269049,0.407838456867,0.483046760166,1.10650693399,31.0,148.0
91,0.729770482733,0.530215629585,0.759676941463,0.816091269049,0.407838456867,0.483046760166,1.10650693399,31.0,148.0
92,0.729770482733,0.530215629585,0.759676941463,0.816091269049,0.407838456867,0.483046760166,1.10650693399,31.0,148.0
93,0.729770482733,0.530215629585,0.759676941463,0.816091269049,0.407838456867,0.483046760166,1.10650693399,31.0,148.0
94,0.729770482733,0.530215629585,0.759676941463,0.816091269049,0.407838456867,0.483046760166,1.10650693399,31.0,148.0
95,0.729770482733,0.530215629585,0.759676941463,0.816091269049,0.407838456867,0.483046760166,1.10650693399,31.0,148.0
96,0.729770482733,0.530215629585,0.759676941463,0.816091269049,0.407838456867,0.483046760166,1.10650693399,31.0,148.0
97,0.729770482733,0.530215629585,0.759676941463,0.816091269049,0.407838456867,0.483046760166,1.10650693399,31.0,148.0
98,0.729770482733,0.530215629585,0.759676941463,0.816091269049,0.407838456867,0.483046760166,1.10650693399,31.0,148.0
99,0.729770482733,0.530215629585,0.759676941463,0.816091269049,0.407838456867,0.483046760166,1.10650693399,31.0,148.0
100,0.729770482733,0.530215629585,0.759676941463,0.816091269049,0.407838456867,0.483046760166,1.10650693399,31.0,148.0
101,0.729770482733,0.530215629585,0.759676941463,0.816091269049,0.407838456867,0.483046760166,1.10650693399,31.0,148.0
102,0.729770482733,0.530215629585,0.759676941463,0.816091269049,0.407838456867,0.483046760166,1.10650693399,31.0,148.0
103,0.729770482733,0.530215629585,0.759676941463,0.816091269049,0.407838456867,0.483046760166,1.10650693399,31.0,148.0
104,0.729770482733,0.530215629585,0.759676941463,0.816091269049,0.407838456867,0.483046760166,1.10650693399,31.0,148.0
105,0.729770482733,0.530215629585,0.759676941463,0.816091269049,0.407838456867,0.483046760166,1.10650693399,31.0,148.0
106,0.729770482733,0.530215629585,0.759676941463,0.816091269049,0.407838456867,0.483046760166,1.10650693399,31.0,148.0
107,0.729770482733,0.530215629585,0.759676941463,0.816091269049,0.407838456867,0.483046760166,1.10650693399,31.0,148.0
108,0.729770482733,0.530215629585,0.759676941463,0.816091269049,0.407838456867,0.483046760166,1.10650693399,31.0,148.0
109,0.729770482733,0.530215629585,0.759676941463,0.816091269049,0.407838456867,0.483046760166,1.10650693399,31.0,148.0
110,0.729770482733,0.530215629585,0.759676941463,0.816091269049,0.407838456867,0.483046760166,1.10650693399,31.0,148.0
111,0.729770482733,0.530215629585,0.759676941463,0.816091269049,0.407838456867,0.483046760166,1.10650693399,31.0,148.0
112,0.729770482733,0.530215629585,0.759676941463,0.816091269049,0.407838456867,0.483046760166,1.10650693399,31.0,148.0
113,0.729770482733,0.530215629585,0.759676941463,0.816091269049,0.407838456867,0.483046760166,1.10650693399,31.0,148.0
114,0.729770482733,0.530215629585,0.759676941463,0.816091269049,0.407838456867,0.483046760166,1.10650693399,31.0,148.0
115,0.729770482733,0.530215629585,0.759676941463,0.816091269049,0.407838456867,0.483046760166,1.10650693399,31.0,148.0
116,0.729770482733,0.530215629585,0.759676941463,0.816091269049,0.407838456867,0.483046760166,1.10650693399,31.0,148.0
117,0.729770482733,0.530215629585,0.759676941463,0.816091269049,0.407838456867,0.483046760166,1.10650693399,31.0,148.0
118,0.729770482733,0.530215629585,0.759676941463,0.816091269049,0.407838456867,0.483046760166,1.10650693399,31.0,148.0
119,0.962247433312,0.182426698159,0.860213538941,1.20961476015,0.435301317801,0.706530090336,1.80793298791,61.0,178.0
120,0.962247433312,0.182426698159,0.860213538941,1.20961476015,0.435301317801,0.706530090336,1.80793298791,61.0,178.0
121,0.776032269225,0.26579837535,1.08535646475,0.742218802751,0.432568063622,0.930628762423,1.10072390851,91.0,208.0
122,0.776032269225,0.26579837535,1.08535646475,0.742218802751,0.432568063622,0.930628762423,1.10072390851,91.0,208.0
123,0.776032269225,0.26579837535,1.08535646475,0.742218802751,0.432568063622,0.930628762423,1.10072390851,91.0,208.0
124,0.776032269225,0.26579837535,1.08535646475,0.742218802751,0.432568063622,0.930628762423,1.10072390851,91.0,208.0
125,0.776032269225,0.26579837535,1.08535646475,0.742218802751,0.432568063622,0.930628762423,1.10072390851,91.0,208.0
126,0.776032269225,0.26579837535,1.08535646475,0.742218802751,0.432568063622,0.930628762423,1.10072390851,91.0,208.0
127,0.776032269225,0.26579837535,1.08535646475,0.742218802751,0.432568063622,0.930628762423,1.10072390851,91.0,208.0
128,0.776032269225,0.26579837535,1.08535646475,0.742218802751,0.432568063622,0.930628762423,1.10072390851,91.0,208.0
129,0.776032269225,0.26579837535,1.08535646475,0.742218802751,0.432568063622,0.930628762423,1.10072390851,91.0,208.0
130,0.776032269225,0.26579837535,1.08535646475,0.742218802751,0.432568063622,0.930628762423,1.10072390851,91.0,208.0
131,0.776032269225,0.26579837535,1.08535646475,0.742218802751,0.432568063622,0.930628762423,1.10072390851,91.0,208.0
132,0.776032269225,0.26579837535,1.08535646475,0.742218802751,0.432568063622,0.930628762423,1.10072390851,91.0,208.0
133,0.776032269225,0.26579837535,1.08535646475,0.742218802751,0.432568063622,0.930628762423,1.10072390851,91.0,208.0
134,0.776032269225,0.26579837535,1.08535646475,0.742218802751,0.432568063622,0.930628762423,1.10072390851,91.0,208.0
135,0.776032269225,0.26579837535,1.08535646475,0.742218802751,0.432568063622,0.930628762423,1.10072390851,91.0,208.0
136,0.776032269225,0.26579837535,1.08535646475,0.742218802751,0.432568063622,0.930628762423,1.10072390851,91.0,208.0
137,0.776032269225,0.26579837535,1.08535646475,0.742218802751,0.432568063622,0.930628762423,1.10072390851,91.0,208.0
138,0.776032269225,0.26579837535,1.08535646475,0.742218802751,0.432568063622,0.930628762423,1.10072390851,91.0,208.0
139,0.776032269225,0.26579837535,1.08535646475,0.742218802751,0.432568063622,0.930628762423,1.10072390851,91.0,208.0
140,0.776032269225,0.26579837535,1.08535646475,0.742218802751,0.432568063622,0.930628762423,1.10072390851,91.0,208.0
141,0.776032269225,0.26579837535,1.08535646475,0.742218802751,0.432568063622,0.930628762423,1.10072390851,91.0,208.0
142,0.776032269225,0.26579837535,1.08535646475,0.742218802751,0.432568063622,0.930628762423,1.10072390851,91.0,208.0
143,0.776032269225,0.26579837535,1.08535646475,0.742218802751,0.432568063622,0.930628762423,1.10072390851,91.0,208.0
144,0.776032269225,0.26579837535,1.08535646475,0.742218802751,0.432568063622,0.930628762423,1.10072390851,91.0,208.0
145,0.776032269225,0.26579837535,1.08535646475,0.742218802751,0.432568063622,0.930628762423,1.10072390851,91.0,208.0
146,0.776032269225,0.26579837535,1.08535646475,0.742218802751,0.432568063622,0.930628762423,1.10072390851,91.0,208.0
147,0.776032269225,0.26579837535,1.08535646475,0.742218802751,0.432568063622,0.930628762423,1.10072390851,91.0,208.0
148,0.776032269225,0.26579837535,1.08535646475,0.742218802751,0.432568063622,0.930628762423,1.10072390851,91.0,208.0
149,0.776032269225,0.26579837535,1.08535646475,0.742218802751,0.432568063622,0.930628762423,1.10072390851,91.0,208.0
150,0.776032269225,0.26579837535,1.08535646475,0.742218802751,0.432568063622,0.930628762423,1.10072390851,91.0,208.0
151,0.776032269225,0.26579837535,1.08535646475,0.742218802751,0.432568063622,0.930628762423,1.10072390851,91.0,208.0
152,0.776032269225,0.26579837535,1.08535646475,0.742218802751,0.432568063622,0.930628762423,1.10072390851,91.0,208.0
153,0.776032269225,0.26579837535,1.08535646475,0.742218802751,0.432568063622,0.930628762423,1.10072390851,91.0,208.0
154,0.776032269225,0.26579837535,1.08535646475,0.742218802751,0.432568063622,0.930628762423,1.10072390851,91.0,208.0
155,0.776032269225,0.26579837535,1.08535646475,0.742218802751,0.432568063622,0.930628762423,1.10072390851,91.0,208.0
156,0.776032269225,0.26579837535,1.08535646475,0.742218802751,0.432568063622,0.930628762423,1.10072390851,91.0,208.0
157,0.776032269225,0.26579837535,1.08535646475,0.742218802751,0.432568063622,0.930628762423,1.10072390851,91.0,208.0
158,0.776032269225,0.26579837535,1.08535646475,0.742218802751,0.432568063622,0.930628762423,1.10072390851,91.0,208.0
159,0.776032269225,0.26579837535,1.08535646475,0.742218802751,0.432568063622,0.930628762423,1.10072390851,91.0,208.0
160,0.776032269225,0.26579837535,1.08535646475,0.742218802751,0.432568063622,0.930628762423,1.10072390851,91.0,208.0
161,0.776032269225,0.26579837535,1.08535646475,0.742218802751,0.432568063622,0.930628762423,1.10072390851,91.0,208.0
162,0.776032269225,0.26579837535,1.08535646475,0.742218802751,0.432568063622,0.930628762423,1.10072390851,91.0,208.0
163,0.776032269225,0.26579837535,1.08535646475,0.742218802751,0.432568063622,0.930628762423,1.10072390851,91.0,208.0
164,0.776032269225,0.26579837535,1.08535646475,0.742218802751,0.432568063622,0.930628762423,1.10072390851,91.0,208.0
165,0.776032269225,0.26579837535,1.08535646475,0.742218802751,0.432568063622,0.930628762423,1.10072390851,91.0,208.0
166,0.776032269225,0.26579837535,1.08535646475,0.742218802751,0.432568063622,0.930628762423,1.10072390851,91.0,208.0
167,0.776032269225,0.26579837535,1.08535646475,0.742218802751,0.432568063622,0.930628762423,1.10072390851,91.0,208.0
168,0.776032269225,0.26579837535,1.08535646475,0.742218802751,0.432568063622,0.930628762423,1.10072390851,91.0,208.0
169,0.776032269225,0.26579837535,1.08535646475,0.742218802751,0.432568063622,0.930628762423,1.10072390851,91.0,208.0
170,0.776032269225,0.26579837535,1.08535646475,0.742218802751,0.432568063622,0.930628762423,1.10072390851,91.0,208.0
171,0.776032269225,0.26579837535,1.08535646475,0.742218802751,0.432568063622,0.930628762423,1.10072390851,91.0,208.0
172,0.776032269225,0.26579837535,1.08535646475,0.742218802751,0.432568063622,0.930628762423,1.10072390851,91.0,208.0
173,0.776032269225,0.26579837535,1.08535646475,0.742218802751,0.432568063622,0.930628762423,1.10072390851,91.0,208.0
174,0.776032269225,0.26579837535,1.08535646475,0.742218802751,0.432568063622,0.930628762423,1.10072390851,91.0,208.0
175,0.776032269225,0.26579837535,1.08535646475,0.742218802751,0.432568063622,0.930628762423,1.10072390851,91.0,208.0
176,0.776032269225,0.26579837535,1.08535646475,0.742218802751,0.432568063622,0.930628762423,1.10072390851,91.0,208.0
177,0.776032269225,0.26579837535,1.08535646475,0.742218802751,0.432568063622,0.930628762423,1.10072390851,91.0,208.0
178,0.776032269225,0.26579837535,1.08535646475,0.742218802751,0.432568063622,0.930628762423,1.10072390851,91.0,208.0
179,0.589817105139,0.349170052541,1.31049939056,0.274822845353,0.429834809442,1.15472743451,0.393514829107,121.0,238.0
180,0.589817105139,0.349170052541,1.31049939056,0.274822845353,0.429834809442,1.15472743451,0.393514829107,121.0,238.0
181,0.795652268494,0.22411017759,0.831995575906,0.457594369105,0.324639572163,1.055374878,0.196757414554,151.0,268.0
182,0.795652268494,0.22411017759,0.831995575906,0.457594369105,0.324639572163,1.055374878,0.196757414554,151.0,268.0
183,0.795652268494,0.22411017759,0.831995575906,0.457594369105,0.324639572163,1.055374878,0.196757414554,151.0,268.0
184,0.795652268494,0.22411017759,0.831995575906,0.457594369105,0.324639572163,1.055374878,0.196757414554,151.0,268.0
185,0.795652268494,0.22411017759,0.831995575906,0.457594369105,0.324639572163,1.055374878,0.196757414554,151.0,268.0
186,0.795652268494,0.22411017759,0.831995575906,0.457594369105,0.324639572163,1.055374878,0.196757414554,151.0,268.0
187,0.795652268494,0.22411017759,0.831995575906,0.457594369105,0.324639572163,1.055374878,0.196757414554,151.0,268.0
188,0.795652268494,0.22411017759,0.831995575906,0.457594369105,0.324639572163,1.055374878,0.196757414554,151.0,268.0
189,0.795652268494,0.22411017759,0.831995575906,0.457594369105,0.324639572163,1.055374878,0.196757414554,151.0,268.0
190,0.795652268494,0.22411017759,0.831995575906,0.457594369105,0.324639572163,1.055374878,0.196757414554,151.0,268.0
191,0.795652268494,0.22411017759,0.831995575906,0.457594369105,0.324639572163,1.055374878,0.196757414554,151.0,268.0
192,0.795652268494,0.22411017759,0.831995575906,0.457594369105,0.324639572163,1.055374878,0.196757414554,151.0,268.0
193,0.795652268494,0.22411017759,0.831995575906,0.457594369105,0.324639572163,1.055374878,0.196757414554,151.0,268.0
194,0.795652268494,0.22411017759,0.831995575906,0.457594369105,0.324639572163,1.055374878,0.196757414554,151.0,268.0
195,0.795652268494,0.22411017759,0.831995575906,0.457594369105,0.324639572163,1.055374878,0.196757414554,151.0,268.0
196,0.795652268494,0.22411017759,0.831995575906,0.457594369105,0.324639572163,1.055374878,0.196757414554,151.0,268.0
197,0.795652268494,0.22411017759,0.831995575906,0.457594369105,0.324639572163,1.055374878,0.196757414554,151.0,268.0
198,0.795652268494,0.22411017759,0.831995575906,0.457594369105,0.324639572163,1.055374878,0.196757414554,151.0,268.0
199,0.795652268494,0.22411017759,0.831995575906,0.457594369105,0.324639572163,1.055374878,0.196757414554,151.0,268.0
200,0.795652268494,0.22411017759,0.831995575906,0.457594369105,0.324639572163,1.055374878,0.196757414554,151.0,268.0
201,0.795652268494,0.22411017759,0.831995575906,0.457594369105,0.324639572163,1.055374878,0.196757414554,151.0,268.0
202,0.795652268494,0.22411017759,0.831995575906,0.457594369105,0.324639572163,1.055374878,0.196757414554,151.0,268.0
203,0.795652268494,0.22411017759,0.831995575906,0.457594369105,0.324639572163,1.055374878,0.196757414554,151.0,268.0
204,0.795652268494,0.22411017759,0.831995575906,0.457594369105,0.324639572163,1.055374878,0.196757414554,151.0,268.0
205,0.795652268494,0.22411017759,0.831995575906,0.457594369105,0.324639572163,1.055374878,0.196757414554,151.0,268.0
206,0.795652268494,0.22411017759,0.831995575906,0.457594369105,0.324639572163,1.055374878,0.196757414554,151.0,268.0
207,0.795652268494,0.22411017759,0.831995575906,0.457594369105,0.324639572163,1.055374878,0.196757414554,151.0,268.0
208,0.795652268494,0.22411017759,0.831995575906,0.457594369105,0.324639572163,1.055374878,0.196757414554,151.0,268.0
209,0.795652268494,0.22411017759,0.831995575906,0.457594369105,0.324639572163,1.055374878,0.196757414554,151.0,268.0
210,0.795652268494,0.22411017759,0.831995575906,0.457594369105,0.324639572163,1.055374878,0.196757414554,151.0,268.0
211,0.795652268494,0.22411017759,0.831995575906,0.457594369105,0.324639572163,1.055374878,0.196757414554,151.0,268.0
212,0.795652268494,0.22411017759,0.831995575906,0.457594369105,0.324639572163,1.055374878,0.196757414554,151.0,268.0
213,0.795652268494,0.22411017759,0.831995575906,0.457594369105,0.324639572163,1.055374878,0.196757414554,151.0,268.0
214,0.795652268494,0.22411017759,0.831995575906,0.457594369105,0.324639572163,1.055374878,0.196757414554,151.0,268.0
215,0.795652268494,0.22411017759,0.831995575906,0.457594369105,0.324639572163,1.055374878,0.196757414554,151.0,268.0
216,0.795652268494,0.22411017759,0.831995575906,0.457594369105,0.324639572163,1.055374878,0.196757414554,151.0,268.0
217,0.795652268494,0.22411017759,0.831995575906,0.457594369105,0.324639572163,1.055374878,0.196757414554,151.0,268.0
218,0.795652268494,0.22411017759,0.831995575906,0.457594369105,0.324639572163,1.055374878,0.196757414554,151.0,268.0
219,0.795652268494,0.22411017759,0.831995575906,0.457594369105,0.324639572163,1.055374878,0.196757414554,151.0,268.0
220,0.795652268494,0.22411017759,0.831995575906,0.457594369105,0.324639572163,1.055374878,0.196757414554,151.0,268.0
221,0.795652268494,0.22411017759,0.831995575906,0.457594369105,0.324639572163,1.055374878,0.196757414554,151.0,268.0
222,0.795652268494,0.22411017759,0.831995575906,0.457594369105,0.324639572163,1.055374878,0.196757414554,151.0,268.0
223,0.795652268494,0.22411017759,0.831995575906,0.457594369105,0.324639572163,1.055374878,0.196757414554,151.0,268.0
224,0.795652268494,0.22411017759,0.831995575906,0.457594369105,0.324639572163,1.055374878,0.196757414554,151.0,268.0
225,0.795652268494,0.22411017759,0.831995575906,0.457594369105,0.324639572163,1.055374878,0.196757414554,151.0,268.0
226,0.795652268494,0.22411017759,0.831995575906,0.457594369105,0.324639572163,1.055374878,0.196757414554,151.0,268.0
227,0.795652268494,0.22411017759,0.831995575906,0.457594369105,0.324639572163,1.055374878,0.196757414554,151.0,268.0
228,0.795652268494,0.22411017759,0.831995575906,0.457594369105,0.324639572163,1.055374878,0.196757414554,151.0,268.0
229,0.795652268494,0.22411017759,0.831995575906,0.457594369105,0.324639572163,1.055374878,0.196757414554,151.0,268.0
230,0.795652268494,0.22411017759,0.831995575906,0.457594369105,0.324639572163,1.055374878,0.196757414554,151.0,268.0
231,0.795652268494,0.22411017759,0.831995575906,0.457594369105,0.324639572163,1.055374878,0.196757414554,151.0,268.0
232,0.795652268494,0.22411017759,0.831995575906,0.457594369105,0.324639572163,1.055374878,0.196757414554,151.0,268.0
233,0.795652268494,0.22411017759,0.831995575906,0.457594369105,0.324639572163,1.055374878,0.196757414554,151.0,268.0
234,0.795652268494,0.22411017759,0.831995575906,0.457594369105,0.324639572163,1.055374878,0.196757414554,151.0,268.0
235,0.795652268494,0.22411017759,0.831995575906,0.457594369105,0.324639572163,1.055374878,0.196757414554,151.0,268.0
236,0.795652268494,0.22411017759,0.831995575906,0.457594369105,0.324639572163,1.055374878,0.196757414554,151.0,268.0
237,0.795652268494,0.22411017759,0.831995575906,0.457594369105,0.324639572163,1.055374878,0.196757414554,151.0,268.0
238,0.795652268494,0.22411017759,0.831995575906,0.457594369105,0.324639572163,1.055374878,0.196757414554,151.0,268.0
239,1.00148743185,0.0990503026394,0.353491761252,0.640365892857,0.219444334884,0.956022321492,0.0,181.0,298.0
240,1.00148743185,0.0990503026394,0.353491761252,0.640365892857,0.219444334884,0.956022321492,0.0,181.0,298.0
241,0.740005028894,0.437964717041,0.24424629508,0.528356287757,0.397492124153,0.736717392218,0.0513847932105,211.0,328.0
242,0.740005028894,0.437964717041,0.24424629508,0.528356287757,0.397492124153,0.736717392218,0.0513847932105,211.0,328.0
243,0.740005028894,0.437964717041,0.24424629508,0.528356287757,0.397492124153,0.736717392218,0.0513847932105,211.0,328.0
244,0.740005028894,0.437964717041,0.24424629508,0.528356287757,0.397492124153,0.736717392218,0.0513847932105,211.0,328.0
245,0.740005028894,0.437964717041,0.24424629508,0.528356287757,0.397492124153,0.736717392218,0.0513847932105,211.0,328.0
246,0.740005028894,0.437964717041,0.24424629508,0.528356287757,0.397492124153,0.736717392218,0.0513847932105,211.0,328.0
247,0.740005028894,0.437964717041,0.24424629508,0.528356287757,0.397492124153,0.736717392218,0.0513847932105,211.0,328.0
248,0.740005028894,0.437964717041,0.24424629508,0.528356287757,0.397492124153,0.736717392218,0.0513847932105,211.0,328.0
249,0.740005028894,0.437964717041,0.24424629508,0.528356287757,0.397492124153,0.736717392218,0.0513847932105,211.0,328.0
250,0.740005028894,0.437964717041,0.24424629508,0.528356287757,0.397492124153,0.736717392218,0.0513847932105,211.0,328.0
251,0.740005028894,0.437964717041,0.24424629508,0.528356287757,0.397492124153,0.736717392218,0.0513847932105,211.0,328.0
252,0.740005028894,0.437964717041,0.24424629508,0.528356287757,0.397492124153,0.736717392218,0.0513847932105,211.0,328.0
253,0.740005028894,0.437964717041,0.24424629508,0.528356287757,0.397492124153,0.736717392218,0.0513847932105,211.0,328.0
254,0.740005028894,0.437964717041,0.24424629508,0.528356287757,0.397492124153,0.736717392218,0.0513847932105,211.0,328.0
255,0.740005028894,0.437964717041,0.24424629508,0.528356287757,0.397492124153,0.736717392218,0.0513847932105,211.0,328.0
256,0.740005028894,0.437964717041,0.24424629508,0.528356287757,0.397492124153,0.736717392218,0.0513847932105,211.0,328.0
257,0.740005028894,0.437964717041,0.24424629508,0.528356287757,0.397492124153,0.736717392218,0.0513847932105,211.0,328.0
258,0.740005028894,0.437964717041,0.24424629508,0.528356287757,0.397492124153,0.736717392218,0.0513847932105,211.0,328.0
259,0.740005028894,0.437964717041,0.24424629508,0.528356287757,0.397492124153,0.736717392218,0.0513847932105,211.0,328.0
260,0.740005028894,0.437964717041,0.24424629508,0.528356287757,0.397492124153,0.736717392218,0.0513847932105,211.0,328.0
261,0.740005028894,0.437964717041,0.24424629508,0.528356287757,0.397492124153,0.736717392218,0.0513847932105,211.0,328.0
262,0.740005028894,0.437964717041,0.24424629508,0.528356287757,0.397492124153,0.736717392218,0.0513847932105,211.0,328.0
263,0.740005028894,0.437964717041,0.24424629508,0.528356287757,0.397492124153,0.736717392218,0.0513847932105,211.0,328.0
264,0.740005028894,0.437964717041,0.24424629508,0.528356287757,0.397492124153,0.736717392218,0.0513847932105,211.0,328.0
265,0.740005028894,0.437964717041,0.24424629508,0.528356287757,0.397492124153,0.736717392218,0.0513847932105,211.0,328.0
266,0.740005028894,0.437964717041,0.24424629508,0.528356287757,0.397492124153,0.736717392218,0.0513847932105,211.0,328.0
267,0.740005028894,0.437964717041,0.24424629508,0.528356287757,0.397492124153,0.736717392218,0.0513847932105,211.0,328.0
268,0.740005028894,0.437964717041,0.24424629508,0.528356287757,0.397492124153,0.736717392218,0.0513847932105,211.0,328.0
269,0.740005028894,0.437964717041,0.24424629508,0.528356287757,0.397492124153,0.736717392218,0.0513847932105,211.0,328.0
270,0.740005028894,0.437964717041,0.24424629508,0.528356287757,0.397492124153,0.736717392218,0.0513847932105,211.0,328.0
271,0.740005028894,0.437964717041,0.24424629508,0.528356287757,0.397492124153,0.736717392218,0.0513847932105,211.0,328.0
272,0.740005028894,0.437964717041,0.24424629508,0.528356287757,0.397492124153,0.736717392218,0.0513847932105,211.0,328.0
273,0.740005028894,0.437964717041,0.24424629508,0.528356287757,0.397492124153,0.736717392218,0.0513847932105,211.0,328.0
274,0.740005028894,0.437964717041,0.24424629508,0.528356287757,0.397492124153,0.736717392218,0.0513847932105,211.0,328.0
275,0.740005028894,0.437964717041,0.24424629508,0.528356287757,0.397492124153,0.736717392218,0.0513847932105,211.0,328.0
276,0.740005028894,0.437964717041,0.24424629508,0.528356287757,0.397492124153,0.736717392218,0.0513847932105,211.0,328.0
277,0.740005028894,0.437964717041,0.24424629508,0.528356287757,0.397492124153,0.736717392218,0.0513847932105,211.0,328.0
278,0.740005028894,0.437964717041,0.24424629508,0.528356287757,0.397492124153,0.736717392218,0.0513847932105,211.0,328.0
279,0.740005028894,0.437964717041,0.24424629508,0.528356287757,0.397492124153,0.736717392218,0.0513847932105,211.0,328.0
280,0.740005028894,0.437964717041,0.24424629508,0.528356287757,0.397492124153,0.736717392218,0.0513847932105,211.0,328.0
281,0.740005028894,0.437964717041,0.24424629508,0.528356287757,0.397492124153,0.736717392218,0.0513847932105,211.0,328.0
282,0.740005028894,0.437964717041,0.24424629508,0.528356287757,0.397492124153,0.736717392218,0.0513847932105,211.0,328.0
283,0.740005028894,0.437964717041,0.24424629508,0.528356287757,0.397492124153,0.736717392218,0.0513847932105,211.0,328.0
284,0.740005028894,0.437964717041,0.24424629508,0.528356287757,0.397492124153,0.736717392218,0.0513847932105,211.0,328.0
285,0.740005028894,0.437964717041,0.24424629508,0.528356287757,0.397492124153,0.736717392218,0.0513847932105,211.0,328.0
286,0.740005028894,0.437964717041,0.24424629508,0.528356287757,0.397492124153,0.736717392218,0.0513847932105,211.0,328.0
287,0.740005028894,0.437964717041,0.24424629508,0.528356287757,0.397492124153,0.736717392218,0.0513847932105,211.0,328.0
288,0.740005028894,0.437964717041,0.24424629508,0.528356287757,0.397492124153,0.736717392218,0.0513847932105,211.0,328.0
289,0.740005028894,0.437964717041,0.24424629508,0.528356287757,0.397492124153,0.736717392218,0.0513847932105,211.0,328.0
290,0.740005028894,0.437964717041,0.24424629508,0.528356287757,0.397492124153,0.736717392218,0.0513847932105,211.0,328.0
291,0.740005028894,0.437964717041,0.24424629508,0.528356287757,0.397492124153,0.736717392218,0.0513847932105,211.0,328.0
292,0.740005028894,0.437964717041,0.24424629508,0.528356287757,0.397492124153,0.736717392218,0.0513847932105,211.0,328.0
293,0.740005028894,0.437964717041,0.24424629508,0.528356287757,0.397492124153,0.736717392218,0.0513847932105,211.0,328.0
294,0.740005028894,0.437964717041,0.24424629508,0.528356287757,0.397492124153,0.736717392218,0.0513847932105,211.0,328.0
295,0.740005028894,0.437964717041,0.24424629508,0.528356287757,0.397492124153,0.736717392218,0.0513847932105,211.0,328.0
296,0.740005028894,0.437964717041,0.24424629508,0.528356287757,0.397492124153,0.736717392218,0.0513847932105,211.0,328.0
297,0.740005028894,0.437964717041,0.24424629508,0.528356287757,0.397492124153,0.736717392218,0.0513847932105,211.0,328.0
298,0.740005028894,0.437964717041,0.24424629508,0.528356287757,0.397492124153,0.736717392218,0.0513847932105,211.0,328.0
299,0.478522625938,0.776879131442,0.135000828907,0.416346682658,0.575539913423,0.517412462945,0.102769586421,241.0,358.0
300,0.478522625938,0.776879131442,0.135000828907,0.416346682658,0.575539913423,0.517412462945,0.102769586421,241.0,358.0
301,1.13562591238,0.727288663703,1.49688901845,0.860359979954,0.569468381292,0.390294013755,0.413876226501,271.0,388.0
302,1.13562591238,0.727288663703,1.49688901845,0.860359979954,0.569468381292,0.390294013755,0.413876226501,271.0,388.0
303,1.13562591238,0.727288663703,1.49688901845,0.860359979954,0.569468381292,0.390294013755,0.413876226501,271.0,388.0
304,1.13562591238,0.727288663703,1.49688901845,0.860359979954,0.569468381292,0.390294013755,0.413876226501,271.0,388.0
305,1.13562591238,0.727288663703,1.49688901845,0.860359979954,0.569468381292,0.390294013755,0.413876226501,271.0,388.0
306,1.13562591238,0.727288663703,1.49688901845,0.860359979954,0.569468381292,0.390294013755,0.413876226501,271.0,388.0
307,1.13562591238,0.727288663703,1.49688901845,0.860359979954,0.569468381292,0.390294013755,0.413876226501,271.0,388.0
308,1.13562591238,0.727288663703,1.49688901845,0.860359979954,0.569468381292,0.390294013755,0.413876226501,271.0,388.0
309,1.13562591238,0.727288663703,1.49688901845,0.860359979954,0.569468381292,0.390294013755,0.413876226501,271.0,388.0
310,1.13562591238,0.727288663703,1.49688901845,0.860359979954,0.569468381292,0.390294013755,0.413876226501,271.0,388.0
311,1.13562591238,0.727288663703,1.49688901845,0.860359979954,0.569468381292,0.390294013755,0.413876226501,271.0,388.0
312,1.13562591238,0.727288663703,1.49688901845,0.860359979954,0.569468381292,0.390294013755,0.413876226501,271.0,388.0
313,1.13562591238,0.727288663703,1.49688901845,0.860359979954,0.569468381292,0.390294013755,0.413876226501,271.0,388.0
314,1.13562591238,0.727288663703,1.49688901845,0.860359979954,0.569468381292,0.390294013755,0.413876226501,271.0,388.0
315,1.13562591238,0.727288663703,1.49688901845,0.860359979954,0.569468381292,0.390294013755,0.413876226501,271.0,388.0
316,1.13562591238,0.727288663703,1.49688901845,0.860359979954,0.569468381292,0.390294013755,0.413876226501,271.0,388.0
317,1.13562591238,0.727288663703,1.49688901845,0.860359979954,0.569468381292,0.390294013755,0.413876226501,271.0,388.0
318,1.13562591238,0.727288663703,1.49688901845,0.860359979954,0.569468381292,0.390294013755,0.413876226501,271.0,388.0
319,1.13562591238,0.727288663703,1.49688901845,0.860359979954,0.569468381292,0.390294013755,0.413876226501,271.0,388.0
320,1.13562591238,0.727288663703,1.49688901845,0.860359979954,0.569468381292,0.390294013755,0.413876226501,271.0,388.0
321,1.13562591238,0.727288663703,1.49688901845,0.860359979954,0.569468381292,0.390294013755,0.413876226501,271.0,388.0
322,1.13562591238,0.727288663703,1.49688901845,0.860359979954,0.569468381292,0.390294013755,0.413876226501,271.0,388.0
323,1.13562591238,0.727288663703,1.49688901845,0.860359979954,0.569468381292,0.390294013755,0.413876226501,271.0,388.0
324,1.13562591238,0.727288663703,1.49688901845,0.860359979954,0.569468381292,0.390294013755,0.413876226501,271.0,388.0
325,1.13562591238,0.727288663703,1.49688901845,0.860359979954,0.569468381292,0.390294013755,0.413876226501,271.0,388.0
326,1.13562591238,0.727288663703,1.49688901845,0.860359979954,0.569468381292,0.390294013755,0.413876226501,271.0,388.0
327,1.13562591238,0.727288663703,1.49688901845,0.860359979954,0.569468381292,0.390294013755,0.413876226501,271.0,388.0
328,1.13562591238,0.727288663703,1.49688901845,0.860359979954,0.569468381292,0.390294013755,0.413876226501,271.0,388.0
329,1.13562591238,0.727288663703,1.49688901845,0.860359979954,0.569468381292,0.390294013755,0.413876226501,271.0,388.0
330,1.13562591238,0.727288663703,1.49688901845,0.860359979954,0.569468381292,0.390294013755,0.413876226501,271.0,388.0
331,1.13562591238,0.727288663703,1.49688901845,0.860359979954,0.569468381292,0.390294013755,0.413876226501,271.0,388.0
332,1.13562591238,0.727288663703,1.49688901845,0.860359979954,0.569468381292,0.390294013755,0.413876226501,271.0,388.0
333,1.13562591238,0.727288663703,1.49688901845,0.860359979954,0.569468381292,0.390294013755,0.413876226501,271.0,388.0
334,1.13562591238,0.727288663703,1.49688901845,0.860359979954,0.569468381292,0.390294013755,0.413876226501,271.0,388.0
335,1.13562591238,0.727288663703,1.49688901845,0.860359979954,0.569468381292,0.390294013755,0.413876226501,271.0,388.0
336,1.13562591238,0.727288663703,1.49688901845,0.860359979954,0.569468381292,0.390294013755,0.413876226501,271.0,388.0
337,1.13562591238,0.727288663703,1.49688901845,0.860359979954,0.569468381292,0.390294013755,0.413876226501,271.0,388.0
338,1.13562591238,0.727288663703,1.49688901845,0.860359979954,0.569468381292,0.390294013755,0.413876226501,271.0,388.0
339,1.13562591238,0.727288663703,1.49688901845,0.860359979954,0.569468381292,0.390294013755,0.413876226501,271.0,388.0
340,1.13562591238,0.727288663703,1.49688901845,0.860359979954,0.569468381292,0.390294013755,0.413876226501,271.0,388.0
341,1.13562591238,0.727288663703,1.49688901845,0.860359979954,0.569468381292,0.390294013755,0.413876226501,271.0,388.0
342,1.13562591238,0.727288663703,1.49688901845,0.860359979954,0.569468381292,0.390294013755,0.413876226501,271.0,388.0
343,1.13562591238,0.727288663703,1.49688901845,0.860359979954,0.569468381292,0.390294013755,0.413876226501,271.0,388.0
344,1.13562591238,0.727288663703,1.49688901845,0.860359979954,0.569468381292,0.390294013755,0.413876226501,271.0,388.0
345,1.13562591238,0.727288663703,1.49688901845,0.860359979954,0.569468381292,0.390294013755,0.413876226501,271.0,388.0
346,1.13562591238,0.727288663703,1.49688901845,0.860359979954,0.569468381292,0.390294013755,0.413876226501,271.0,388.0
347,1.13562591238,0.727288663703,1.49688901845,0.860359979954,0.569468381292,0.390294013755,0.413876226501,271.0,388.0
348,1.13562591238,0.727288663703,1.49688901845,0.860359979954,0.569468381292,0.390294013755,0.413876226501,271.0,388.0
349,1.13562591238,0.727288663703,1.49688901845,0.860359979954,0.569468381292,0.390294013755,0.413876226501,271.0,388.0
350,1.13562591238,0.727288663703,1.49688901845,0.860359979954,0.569468381292,0.390294013755,0.413876226501,271.0,388.0
351,1.13562591238,0.727288663703,1.49688901845,0.860359979954,0.569468381292,0.390294013755,0.413876226501,271.0,388.0
352,1.13562591238,0.727288663703,1.49688901845,0.860359979954,0.569468381292,0.390294013755,0.413876226501,271.0,388.0
353,1.13562591238,0.727288663703,1.49688901845,0.860359979954,0.569468381292,0.390294013755,0.413876226501,271.0,388.0
354,1.13562591238,0.727288663703,1.49688901845,0.860359979954,0.569468381292,0.390294013755,0.413876226501,271.0,388.0
355,1.13562591238,0.727288663703,1.49688901845,0.860359979954,0.569468381292,0.390294013755,0.413876226501,271.0,388.0
356,1.13562591238,0.727288663703,1.49688901845,0.860359979954,0.569468381292,0.390294013755,0.413876226501,271.0,388.0
357,1.13562591238,0.727288663703,1.49688901845,0.860359979954,0.569468381292,0.390294013755,0.413876226501,271.0,388.0
358,1.13562591238,0.727288663703,1.49688901845,0.860359979954,0.569468381292,0.390294013755,0.413876226501,271.0,388.0
359,1.79272919883,0.677698195963,2.85877720799,1.30437327725,0.563396849161,0.263175564565,0.724982866581,301.0,418.0
360,1.79272919883,0.677698195963,2.85877720799,1.30437327725,0.563396849161,0.263175564565,0.724982866581,301.0,418.0
361,1.37019638428,0.773744902333,1.80090316042,0.953094218527,1.12191909632,0.423720991798,0.702900927207,331.0,448.0
362,1.37019638428,0.773744902333,1.80090316042,0.953094218527,1.12191909632,0.423720991798,0.702900927207,331.0,448.0
363,1.37019638428,0.773744902333,1.80090316042,0.953094218527,1.12191909632,0.423720991798,0.702900927207,331.0,448.0
364,1.37019638428,0.773744902333,1.80090316042,0.953094218527,1.12191909632,0.423720991798,0.702900927207,331.0,448.0
365,1.37019638428,0.773744902333,1.80090316042,0.953094218527,1.12191909632,0.423720991798,0.702900927207,331.0,448.0
366,1.37019638428,0.773744902333,1.80090316042,0.953094218527,1.12191909632,0.423720991798,0.702900927207,331.0,448.0
367,1.37019638428,0.773744902333,1.80090316042,0.953094218527,1.12191909632,0.423720991798,0.702900927207,331.0,448.0
368,1.37019638428,0.773744902333,1.80090316042,0.953094218527,1.12191909632,0.423720991798,0.702900927207,331.0,448.0
369,1.37019638428,0.773744902333,1.80090316042,0.953094218527,1.12191909632,0.423720991798,0.702900927207,331.0,448.0
370,1.37019638428,0.773744902333,1.80090316042,0.953094218527,1.12191909632,0.423720991798,0.702900927207,331.0,448.0
371,1.37019638428,0.773744902333,1.80090316042,0.953094218527,1.12191909632,0.423720991798,0.702900927207,331.0,448.0
372,1.37019638428,0.773744902333,1.80090316042,0.953094218527,1.12191909632,0.423720991798,0.702900927207,331.0,448.0
373,1.37019638428,0.773744902333,1.80090316042,0.953094218527,1.12191909632,0.423720991798,0.702900927207,331.0,448.0
374,1.37019638428,0.773744902333,1.80090316042,0.953094218527,1.12191909632,0.423720991798,0.702900927207,331.0,448.0
375,1.37019638428,0.773744902333,1.80090316042,0.953094218527,1.12191909632,0.423720991798,0.702900927207,331.0,448.0
376,1.37019638428,0.773744902333,1.80090316042,0.953094218527,1.12191909632,0.423720991798,0.702900927207,331.0,448.0
377,1.37019638428,0.773744902333,1.80090316042,0.953094218527,1.12191909632,0.423720991798,0.702900927207,331.0,448.0
378,1.37019638428,0.773744902333,1.80090316042,0.953094218527,1.12191909632,0.423720991798,0.702900927207,331.0,448.0
379,1.37019638428,0.773744902333,1.80090316042,0.953094218527,1.12191909632,0.423720991798,0.702900927207,331.0,448.0
380,1.37019638428,0.773744902333,1.80090316042,0.953094218527,1.12191909632,0.423720991798,0.702900927207,331.0,448.0
381,1.37019638428,0.773744902333,1.80090316042,0.953094218527,1.12191909632,0.423720991798,0.702900927207,331.0,448.0
382,1.37019638428,0.773744902333,1.80090316042,0.953094218527,1.12191909632,0.423720991798,0.702900927207,331.0,448.0
383,1.37019638428,0.773744902333,1.80090316042,0.953094218527,1.12191909632,0.423720991798,0.702900927207,331.0,448.0
384,1.37019638428,0.773744902333,1.80090316042,0.953094218527,1.12191909632,0.423720991798,0.702900927207,331.0,448.0
385,1.37019638428,0.773744902333,1.80090316042,0.953094218527,1.12191909632,0.423720991798,0.702900927207,331.0,448.0
386,1.37019638428,0.773744902333,1.80090316042,0.953094218527,1.12191909632,0.423720991798,0.702900927207,331.0,448.0
387,1.37019638428,0.773744902333,1.80090316042,0.953094218527,1.12191909632,0.423720991798,0.702900927207,331.0,448.0
388,1.37019638428,0.773744902333,1.80090316042,0.953094218527,1.12191909632,0.423720991798,0.702900927207,331.0,448.0
389,1.37019638428,0.773744902333,1.80090316042,0.953094218527,1.12191909632,0.423720991798,0.702900927207,331.0,448.0
390,1.37019638428,0.773744902333,1.80090316042,0.953094218527,1.12191909632,0.423720991798,0.702900927207,331.0,448.0
391,1.37019638428,0.773744902333,1.80090316042,0.953094218527,1.12191909632,0.423720991798,0.702900927207,331.0,448.0
392,1.37019638428,0.773744902333,1.80090316042,0.953094218527,1.12191909632,0.423720991798,0.702900927207,331.0,448.0
393,1.37019638428,0.773744902333,1.80090316042,0.953094218527,1.12191909632,0.423720991798,0.702900927207,331.0,448.0
394,1.37019638428,0.773744902333,1.80090316042,0.953094218527,1.12191909632,0.423720991798,0.702900927207,331.0,448.0
395,1.37019638428,0.773744902333,1.80090316042,0.953094218527,1.12191909632,0.423720991798,0.702900927207,331.0,448.0
396,1.37019638428,0.773744902333,1.80090316042,0.953094218527,1.12191909632,0.423720991798,0.702900927207,331.0,448.0
397,1.37019638428,0.773744902333,1.80090316042,0.953094218527,1.12191909632,0.423720991798,0.702900927207,331.0,448.0
398,1.37019638428,0.773744902333,1.80090316042,0.953094218527,1.12191909632,0.423720991798,0.702900927207,331.0,448.0
399,1.37019638428,0.773744902333,1.80090316042,0.953094218527,1.12191909632,0.423720991798,0.702900927207,331.0,448.0
400,1.37019638428,0.773744902333,1.80090316042,0.953094218527,1.12191909632,0.423720991798,0.702900927207,331.0,448.0
401,1.37019638428,0.773744902333,1.80090316042,0.953094218527,1.12191909632,0.423720991798,0.702900927207,331.0,448.0
402,1.37019638428,0.773744902333,1.80090316042,0.953094218527,1.12191909632,0.423720991798,0.702900927207,331.0,448.0
403,1.37019638428,0.773744902333,1.80090316042,0.953094218527,1.12191909632,0.423720991798,0.702900927207,331.0,448.0
404,1.37019638428,0.773744902333,1.80090316042,0.953094218527,1.12191909632,0.423720991798,0.702900927207,331.0,448.0
405,1.37019638428,0.773744902333,1.80090316042,0.953094218527,1.12191909632,0.423720991798,0.702900927207,331.0,448.0
406,1.37019638428,0.773744902333,1.80090316042,0.953094218527,1.12191909632,0.423720991798,0.702900927207,331.0,448.0
407,1.37019638428,0.773744902333,1.80090316042,0.953094218527,1.12191909632,0.423720991798,0.702900927207,331.0,448.0
408,1.37019638428,0.773744902333,1.80090316042,0.953094218527,1.12191909632,0.423720991798,0.702900927207,331.0,448.0
409,1.37019638428,0.773744902333,1.80090316042,0.953094218527,1.12191909632,0.423720991798,0.702900927207,331.0,448.0
410,1.37019638428,0.773744902333,1.80090316042,0.953094218527,1.12191909632,0.423720991798,0.702900927207,331.0,448.0
411,1.37019638428,0.773744902333,1.80090316042,0.953094218527,1.12191909632,0.423720991798,0.702900927207,331.0,448.0
412,1.37019638428,0.773744902333,1.80090316042,0.953094218527,1.12191909632,0.423720991798,0.702900927207,331.0,448.0
413,1.37019638428,0.773744902333,1.80090316042,0.953094218527,1.12191909632,0.423720991798,0.702900927207,331.0,448.0
414,1.37019638428,0.773744902333,1.80090316042,0.953094218527,1.12191909632,0.423720991798,0.702900927207,331.0,448.0
415,1.37019638428,0.773744902333,1.80090316042,0.953094218527,1.12191909632,0.423720991798,0.702900927207,331.0,448.0
416,1.37019638428,0.773744902333,1.80090316042,0.953094218527,1.12191909632,0.423720991798,0.702900927207,331.0,448.0
417,1.37019638428,0.773744902333,1.80090316042,0.953094218527,1.12191909632,0.423720991798,0.702900927207,331.0,448.0
418,1.37019638428,0.773744902333,1.80090316042,0.953094218527,1.12191909632,0.423720991798,0.702900927207,331.0,448.0
419,0.947663569739,0.869791608702,0.743029112852,0.601815159805,1.68044134347,0.584266419031,0.680818987834,361.0,478.0
420,0.947663569739,0.869791608702,0.743029112852,0.601815159805,1.68044134347,0.584266419031,0.680818987834,361.0,478.0
421,0.973696771605,0.725924742596,0.983459158016,0.699860160114,1.53722059485,0.89835928989,1.01842518197,391.0,508.0
422,0.973696771605,0.725924742596,0.983459158016,0.699860160114,1.53722059485,0.89835928989,1.01842518197,391.0,508.0
423,0.973696771605,0.725924742596,0.983459158016,0.699860160114,1.53722059485,0.89835928989,1.01842518197,391.0,508.0
424,0.973696771605,0.725924742596,0.983459158016,0.699860160114,1.53722059485,0.89835928989,1.01842518197,391.0,508.0
425,0.973696771605,0.725924742596,0.983459158016,0.699860160114,1.53722059485,0.89835928989,1.01842518197,391.0,508.0
426,0.973696771605,0.725924742596,0.983459158016,0.699860160114,1.53722059485,0.89835928989,1.01842518197,391.0,508.0
427,0.973696771605,0.725924742596,0.983459158016,0.699860160114,1.53722059485,0.89835928989,1.01842518197,391.0,508.0
428,0.973696771605,0.725924742596,0.983459158016,0.699860160114,1.53722059485,0.89835928989,1.01842518197,391.0,508.0
429,0.973696771605,0.725924742596,0.983459158016,0.699860160114,1.53722059485,0.89835928989,1.01842518197,391.0,508.0
430,0.973696771605,0.725924742596,0.983459158016,0.699860160114,1.53722059485,0.89835928989,1.01842518197,391.0,508.0
431,0.973696771605,0.725924742596,0.983459158016,0.699860160114,1.53722059485,0.89835928989,1.01842518197,391.0,508.0
432,0.973696771605,0.725924742596,0.983459158016,0.699860160114,1.53722059485,0.89835928989,1.01842518197,391.0,508.0
433,0.973696771605,0.725924742596,0.983459158016,0.699860160114,1.53722059485,0.89835928989,1.01842518197,391.0,508.0
434,0.973696771605,0.725924742596,0.983459158016,0.699860160114,1.53722059485,0.89835928989,1.01842518197,391.0,508.0
435,0.973696771605,0.725924742596,0.983459158016,0.699860160114,1.53722059485,0.89835928989,1.01842518197,391.0,508.0
436,0.973696771605,0.725924742596,0.983459158016,0.699860160114,1.53722059485,0.89835928989,1.01842518197,391.0,508.0
437,0.973696771605,0.725924742596,0.983459158016,0.699860160114,1.53722059485,0.89835928989,1.01842518197,391.0,508.0
438,0.973696771605,0.725924742596,0.983459158016,0.699860160114,1.53722059485,0.89835928989,1.01842518197,391.0,508.0
439,0.973696771605,0.725924742596,0.983459158016,0.699860160114,1.53722059485,0.89835928989,1.01842518197,391.0,508.0
440,0.973696771605,0.725924742596,0.983459158016,0.699860160114,1.53722059485,0.89835928989,1.01842518197,391.0,508.0
441,0.973696771605,0.725924742596,0.983459158016,0.699860160114,1.53722059485,0.89835928989,1.01842518197,391.0,508.0
442,0.973696771605,0.725924742596,0.983459158016,0.699860160114,1.53722059485,0.89835928989,1.01842518197,391.0,508.0
443,0.973696771605,0.725924742596,0.983459158016,0.699860160114,1.53722059485,0.89835928989,1.01842518197,391.0,508.0
444,0.973696771605,0.725924742596,0.983459158016,0.699860160114,1.53722059485,0.89835928989,1.01842518197,391.0,508.0
445,0.973696771605,0.725924742596,0.983459158016,0.699860160114,1.53722059485,0.89835928989,1.01842518197,391.0,508.0
446,0.973696771605,0.725924742596,0.983459158016,0.699860160114,1.53722059485,0.89835928989,1.01842518197,391.0,508.0
447,0.973696771605,0.725924742596,0.983459158016,0.699860160114,1.53722059485,0.89835928989,1.01842518197,391.0,508.0
448,0.973696771605,0.725924742596,0.983459158016,0.699860160114,1.53722059485,0.89835928989,1.01842518197,391.0,508.0
449,0.973696771605,0.725924742596,0.983459158016,0.699860160114,1.53722059485,0.89835928989,1.01842518197,391.0,508.0
450,0.973696771605,0.725924742596,0.983459158016,0.699860160114,1.53722059485,0.89835928989,1.01842518197,391.0,508.0
451,0.973696771605,0.725924742596,0.983459158016,0.699860160114,1.53722059485,0.89835928989,1.01842518197,391.0,508.0
452,0.973696771605,0.725924742596,0.983459158016,0.699860160114,1.53722059485,0.89835928989,1.01842518197,391.0,508.0
453,0.973696771605,0.725924742596,0.983459158016,0.699860160114,1.53722059485,0.89835928989,1.01842518197,391.0,508.0
454,0.973696771605,0.725924742596,0.983459158016,0.699860160114,1.53722059485,0.89835928989,1.01842518197,391.0,508.0
455,0.973696771605,0.725924742596,0.983459158016,0.699860160114,1.53722059485,0.89835928989,1.01842518197,391.0,508.0
456,0.973696771605,0.725924742596,0.983459158016,0.699860160114,1.53722059485,0.89835928989,1.01842518197,391.0,508.0
457,0.973696771605,0.725924742596,0.983459158016,0.699860160114,1.53722059485,0.89835928989,1.01842518197,391.0,508.0
458,0.973696771605,0.725924742596,0.983459158016,0.699860160114,1.53722059485,0.89835928989,1.01842518197,391.0,508.0
459,0.973696771605,0.725924742596,0.983459158016,0.699860160114,1.53722059485,0.89835928989,1.01842518197,391.0,508.0
460,0.973696771605,0.725924742596,0.983459158016,0.699860160114,1.53722059485,0.89835928989,1.01842518197,391.0,508.0
461,0.973696771605,0.725924742596,0.983459158016,0.699860160114,1.53722059485,0.89835928989,1.01842518197,391.0,508.0
462,0.973696771605,0.725924742596,0.983459158016,0.699860160114,1.53722059485,0.89835928989,1.01842518197,391.0,508.0
463,0.973696771605,0.725924742596,0.983459158016,0.699860160114,1.53722059485,0.89835928989,1.01842518197,391.0,508.0
464,0.973696771605,0.725924742596,0.983459158016,0.699860160114,1.53722059485,0.89835928989,1.01842518197,391.0,508.0
465,0.973696771605,0.725924742596,0.983459158016,0.699860160114,1.53722059485,0.89835928989,1.01842518197,391.0,508.0
466,0.973696771605,0.725924742596,0.983459158016,0.699860160114,1.53722059485,0.89835928989,1.01842518197,391.0,508.0
467,0.973696771605,0.725924742596,0.983459158016,0.699860160114,1.53722059485,0.89835928989,1.01842518197,391.0,508.0
468,0.973696771605,0.725924742596,0.983459158016,0.699860160114,1.53722059485,0.89835928989,1.01842518197,391.0,508.0
469,0.973696771605,0.725924742596,0.983459158016,0.699860160114,1.53722059485,0.89835928989,1.01842518197,391.0,508.0
470,0.973696771605,0.725924742596,0.983459158016,0.699860160114,1.53722059485,0.89835928989,1.01842518197,391.0,508.0
471,0.973696771605,0.725924742596,0.983459158016,0.699860160114,1.53722059485,0.89835928989,1.01842518197,391.0,508.0
472,0.973696771605,0.725924742596,0.983459158016,0.699860160114,1.53722059485,0.89835928989,1.01842518197,391.0,508.0
473,0.973696771605,0.725924742596,0.983459158016,0.699860160114,1.53722059485,0.89835928989,1.01842518197,391.0,508.0
474,0.973696771605,0.725924742596,0.983459158016,0.699860160114,1.53722059485,0.89835928989,1.01842518197,391.0,508.0
475,0.973696771605,0.725924742596,0.983459158016,0.699860160114,1.53722059485,0.89835928989,1.01842518197,391.0,508.0
476,0.973696771605,0.725924742596,0.983459158016,0.699860160114,1.53722059485,0.89835928989,1.01842518197,391.0,508.0
477,0.973696771605,0.725924742596,0.983459158016,0.699860160114,1.53722059485,0.89835928989,1.01842518197,391.0,508.0
478,0.973696771605,0.725924742596,0.983459158016,0.699860160114,1.53722059485,0.89835928989,1.01842518197,391.0,508.0
479,0.999729973471,0.58205787649,1.22388920318,0.797905160423,1.39399984624,1.21245216075,1.3560313761,421.0,538.0
480,0.999729973471,0.58205787649,1.22388920318,0.797905160423,1.39399984624,1.21245216075,1.3560313761,421.0,538.0
481,0.73333196006,0.742123302139,1.25937932622,0.516164393762,1.47775372265,0.770201417386,1.11333608376,451.0,568.0
482,0.73333196006,0.742123302139,1.25937932622,0.516164393762,1.47775372265,0.770201417386,1.11333608376,451.0,568.0
483,0.73333196006,0.742123302139,1.25937932622,0.516164393762,1.47775372265,0.770201417386,1.11333608376,451.0,568.0
484,0.73333196006,0.742123302139,1.25937932622,0.516164393762,1.47775372265,0.770201417386,1.11333608376,451.0,568.0
485,0.73333196006,0.742123302139,1.25937932622,0.516164393762,1.47775372265,0.770201417386,1.11333608376,451.0,568.0
486,0.73333196006,0.742123302139,1.25937932622,0.516164393762,1.47775372265,0.770201417386,1.11333608376,451.0,568.0
487,0.73333196006,0.742123302139,1.25937932622,0.516164393762,1.47775372265,0.770201417386,1.11333608376,451.0,568.0
488,0.73333196006,0.742123302139,1.25937932622,0.516164393762,1.47775372265,0.770201417386,1.11333608376,451.0,568.0
489,0.73333196006,0.742123302139,1.25937932622,0.516164393762,1.47775372265,0.770201417386,1.11333608376,451.0,568.0
490,0.73333196006,0.742123302139,1.25937932622,0.516164393762,1.47775372265,0.770201417386,1.11333608376,451.0,568.0
491,0.73333196006,0.742123302139,1.25937932622,0.516164393762,1.47775372265,0.770201417386,1.11333608376,451.0,568.0
492,0.73333196006,0.742123302139,1.25937932622,0.516164393762,1.47775372265,0.770201417386,1.11333608376,451.0,568.0
493,0.73333196006,0.742123302139,1.25937932622,0.516164393762,1.47775372265,0.770201417386,1.11333608376,451.0,568.0
494,0.73333196006,0.742123302139,1.25937932622,0.516164393762,1.47775372265,0.770201417386,1.11333608376,451.0,568.0
495,0.73333196006,0.742123302139,1.25937932622,0.516164393762,1.47775372265,0.770201417386,1.11333608376,451.0,568.0
496,0.73333196006,0.742123302139,1.25937932622,0.516164393762,1.47775372265,0.770201417386,1.11333608376,451.0,568.0
497,0.73333196006,0.742123302139,1.25937932622,0.516164393762,1.47775372265,0.770201417386,1.11333608376,451.0,568.0
498,0.73333196006,0.742123302139,1.25937932622,0.516164393762,1.47775372265,0.770201417386,1.11333608376,451.0,568.0
499,0.73333196006,0.742123302139,1.25937932622,0.516164393762,1.47775372265,0.770201417386,1.11333608376,451.0,568.0
500,0.73333196006,0.742123302139,1.25937932622,0.516164393762,1.47775372265,0.770201417386,1.11333608376,451.0,568.0
501,0.73333196006,0.742123302139,1.25937932622,0.516164393762,1.47775372265,0.770201417386,1.11333608376,451.0,568.0
502,0.73333196006,0.742123302139,1.25937932622,0.516164393762,1.47775372265,0.770201417386,1.11333608376,451.0,568.0
503,0.73333196006,0.742123302139,1.25937932622,0.516164393762,1.47775372265,0.770201417386,1.11333608376,451.0,568.0
504,0.73333196006,0.742123302139,1.25937932622,0.516164393762,1.47775372265,0.770201417386,1.11333608376,451.0,568.0
505,0.73333196006,0.742123302139,1.25937932622,0.516164393762,1.47775372265,0.770201417386,1.11333608376,451.0,568.0
506,0.73333196006,0.742123302139,1.25937932622,0.516164393762,1.47775372265,0.770201417386,1.11333608376,451.0,568.0
507,0.73333196006,0.742123302139,1.25937932622,0.516164393762,1.47775372265,0.770201417386,1.11333608376,451.0,568.0
508,0.73333196006,0.742123302139,1.25937932622,0.516164393762,1.47775372265,0.770201417386,1.11333608376,451.0,568.0
509,0.73333196006,0.742123302139,1.25937932622,0.516164393762,1.47775372265,0.770201417386,1.11333608376,451.0,568.0
510,0.73333196006,0.742123302139,1.25937932622,0.516164393762,1.47775372265,0.770201417386,1.11333608376,451.0,568.0
511,0.73333196006,0.742123302139,1.25937932622,0.516164393762,1.47775372265,0.770201417386,1.11333608376,451.0,568.0
512,0.73333196006,0.742123302139,1.25937932622,0.516164393762,1.47775372265,0.770201417386,1.11333608376,451.0,568.0
513,0.73333196006,0.742123302139,1.25937932622,0.516164393762,1.47775372265,0.770201417386,1.11333608376,451.0,568.0
514,0.73333196006,0.742123302139,1.25937932622,0.516164393762,1.47775372265,0.770201417386,1.11333608376,451.0,568.0
515,0.73333196006,0.742123302139,1.25937932622,0.516164393762,1.47775372265,0.770201417386,1.11333608376,451.0,568.0
516,0.73333196006,0.742123302139,1.25937932622,0.516164393762,1.47775372265,0.770201417386,1.11333608376,451.0,568.0
517,0.73333196006,0.742123302139,1.25937932622,0.516164393762,1.47775372265,0.770201417386,1.11333608376,451.0,568.0
518,0.73333196006,0.742123302139,1.25937932622,0.516164393762,1.47775372265,0.770201417386,1.11333608376,451.0,568.0
519,0.73333196006,0.742123302139,1.25937932622,0.516164393762,1.47775372265,0.770201417386,1.11333608376,451.0,568.0
520,0.73333196006,0.742123302139,1.25937932622,0.516164393762,1.47775372265,0.770201417386,1.11333608376,451.0,568.0
521,0.73333196006,0.742123302139,1.25937932622,0.516164393762,1.47775372265,0.770201417386,1.11333608376,451.0,568.0
522,0.73333196006,0.742123302139,1.25937932622,0.516164393762,1.47775372265,0.770201417386,1.11333608376,451.0,568.0
523,0.73333196006,0.742123302139,1.25937932622,0.516164393762,1.47775372265,0.770201417386,1.11333608376,451.0,568.0
524,0.73333196006,0.742123302139,1.25937932622,0.516164393762,1.47775372265,0.770201417386,1.11333608376,451.0,568.0
525,0.73333196006,0.742123302139,1.25937932622,0.516164393762,1.47775372265,0.770201417386,1.11333608376,451.0,568.0
526,0.73333196006,0.742123302139,1.25937932622,0.516164393762,1.47775372265,0.770201417386,1.11333608376,451.0,568.0
527,0.73333196006,0.742123302139,1.25937932622,0.516164393762,1.47775372265,0.770201417386,1.11333608376,451.0,568.0
528,0.73333196006,0.742123302139,1.25937932622,0.516164393762,1.47775372265,0.770201417386,1.11333608376,451.0,568.0
529,0.73333196006,0.742123302139,1.25937932622,0.516164393762,1.47775372265,0.770201417386,1.11333608376,451.0,568.0
530,0.73333196006,0.742123302139,1.25937932622,0.516164393762,1.47775372265,0.770201417386,1.11333608376,451.0,568.0
531,0.73333196006,0.742123302139,1.25937932622,0.516164393762,1.47775372265,0.770201417386,1.11333608376,451.0,568.0
532,0.73333196006,0.742123302139,1.25937932622,0.516164393762,1.47775372265,0.770201417386,1.11333608376,451.0,568.0
533,0.73333196006,0.742123302139,1.25937932622,0.516164393762,1.47775372265,0.770201417386,1.11333608376,451.0,568.0
534,0.73333196006,0.742123302139,1.25937932622,0.516164393762,1.47775372265,0.770201417386,1.11333608376,451.0,568.0
535,0.73333196006,0.742123302139,1.25937932622,0.516164393762,1.47775372265,0.770201417386,1.11333608376,451.0,568.0
536,0.73333196006,0.742123302139,1.25937932622,0.516164393762,1.47775372265,0.770201417386,1.11333608376,451.0,568.0
537,0.73333196006,0.742123302139,1.25937932622,0.516164393762,1.47775372265,0.770201417386,1.11333608376,451.0,568.0
538,0.73333196006,0.742123302139,1.25937932622,0.516164393762,1.47775372265,0.770201417386,1.11333608376,451.0,568.0
539,0.466933946649,0.902188727788,1.29486944927,0.234423627101,1.56150759907,0.327950674022,0.870640791413,481.0,598.0
540,0.466933946649,0.902188727788,1.29486944927,0.234423627101,1.56150759907,0.327950674022,0.870640791413,481.0,598.0
541,0.515088549561,0.913307668284,0.893116646073,1.49711735987,1.49097575394,0.634193777226,1.65882245287,511.0,628.0
542,0.515088549561,0.913307668284,0.893116646073,1.49711735987,1.49097575394,0.634193777226,1.65882245287,511.0,628.0
543,0.515088549561,0.913307668284,0.893116646073,1.49711735987,1.49097575394,0.634193777226,1.65882245287,511.0,628.0
544,0.515088549561,0.913307668284,0.893116646073,1.49711735987,1.49097575394,0.634193777226,1.65882245287,511.0,628.0
545,0.515088549561,0.913307668284,0.893116646073,1.49711735987,1.49097575394,0.634193777226,1.65882245287,511.0,628.0
546,0.515088549561,0.913307668284,0.893116646073,1.49711735987,1.49097575394,0.634193777226,1.65882245287,511.0,628.0
547,0.515088549561,0.913307668284,0.893116646073,1.49711735987,1.49097575394,0.634193777226,1.65882245287,511.0,628.0
548,0.515088549561,0.913307668284,0.893116646073,1.49711735987,1.49097575394,0.634193777226,1.65882245287,511.0,628.0
549,0.515088549561,0.913307668284,0.893116646073,1.49711735987,1.49097575394,0.634193777226,1.65882245287,511.0,628.0
550,0.515088549561,0.913307668284,0.893116646073,1.49711735987,1.49097575394,0.634193777226,1.65882245287,511.0,628.0
551,0.515088549561,0.913307668284,0.893116646073,1.49711735987,1.49097575394,0.634193777226,1.65882245287,511.0,628.0
552,0.515088549561,0.913307668284,0.893116646073,1.49711735987,1.49097575394,0.634193777226,1.65882245287,511.0,628.0
553,0.515088549561,0.913307668284,0.893116646073,1.49711735987,1.49097575394,0.634193777226,1.65882245287,511.0,628.0
554,0.515088549561,0.913307668284,0.893116646073,1.49711735987,1.49097575394,0.634193777226,1.65882245287,511.0,628.0
555,0.515088549561,0.913307668284,0.893116646073,1.49711735987,1.49097575394,0.634193777226,1.65882245287,511.0,628.0
556,0.515088549561,0.913307668284,0.893116646073,1.49711735987,1.49097575394,0.634193777226,1.65882245287,511.0,628.0
557,0.515088549561,0.913307668284,0.893116646073,1.49711735987,1.49097575394,0.634193777226,1.65882245287,511.0,628.0
558,0.515088549561,0.913307668284,0.893116646073,1.49711735987,1.49097575394,0.634193777226,1.65882245287,511.0,628.0
559,0.515088549561,0.913307668284,0.893116646073,1.49711735987,1.49097575394,0.634193777226,1.65882245287,511.0,628.0
560,0.515088549561,0.913307668284,0.893116646073,1.49711735987,1.49097575394,0.634193777226,1.65882245287,511.0,628.0
561,0.515088549561,0.913307668284,0.893116646073,1.49711735987,1.49097575394,0.634193777226,1.65882245287,511.0,628.0
562,0.515088549561,0.913307668284,0.893116646073,1.49711735987,1.49097575394,0.634193777226,1.65882245287,511.0,628.0
563,0.515088549561,0.913307668284,0.893116646073,1.49711735987,1.49097575394,0.634193777226,1.65882245287,511.0,628.0
564,0.515088549561,0.913307668284,0.893116646073,1.49711735987,1.49097575394,0.634193777226,1.65882245287,511.0,628.0
565,0.515088549561,0.913307668284,0.893116646073,1.49711735987,1.49097575394,0.634193777226,1.65882245287,511.0,628.0
566,0.515088549561,0.913307668284,0.893116646073,1.49711735987,1.49097575394,0.634193777226,1.65882245287,511.0,628.0
567,0.515088549561,0.913307668284,0.893116646073,1.49711735987,1.49097575394,0.634193777226,1.65882245287,511.0,628.0
568,0.515088549561,0.913307668284,0.893116646073,1.49711735987,1.49097575394,0.634193777226,1.65882245287,511.0,628.0
569,0.515088549561,0.913307668284,0.893116646073,1.49711735987,1.49097575394,0.634193777226,1.65882245287,511.0,628.0
570,0.515088549561,0.913307668284,0.893116646073,1.49711735987,1.49097575394,0.634193777226,1.65882245287,511.0,628.0
571,0.515088549561,0.913307668284,0.893116646073,1.49711735987,1.49097575394,0.634193777226,1.65882245287,511.0,628.0
572,0.515088549561,0.913307668284,0.893116646073,1.49711735987,1.49097575394,0.634193777226,1.65882245287,511.0,628.0
573,0.515088549561,0.913307668284,0.893116646073,1.49711735987,1.49097575394,0.634193777226,1.65882245287,511.0,628.0
574,0.515088549561,0.913307668284,0.893116646073,1.49711735987,1.49097575394,0.634193777226,1.65882245287,511.0,628.0
575,0.515088549561,0.913307668284,0.893116646073,1.49711735987,1.49097575394,0.634193777226,1.65882245287,511.0,628.0
576,0.515088549561,0.913307668284,0.893116646073,1.49711735987,1.49097575394,0.634193777226,1.65882245287,511.0,628.0
577,0.515088549561,0.913307668284,0.893116646073,1.49711735987,1.49097575394,0.634193777226,1.65882245287,511.0,628.0
578,0.515088549561,0.913307668284,0.893116646073,1.49711735987,1.49097575394,0.634193777226,1.65882245287,511.0,628.0
579,0.515088549561,0.913307668284,0.893116646073,1.49711735987,1.49097575394,0.634193777226,1.65882245287,511.0,628.0
580,0.515088549561,0.913307668284,0.893116646073,1.49711735987,1.49097575394,0.634193777226,1.65882245287,511.0,628.0
581,0.515088549561,0.913307668284,0.893116646073,1.49711735987,1.49097575394,0.634193777226,1.65882245287,511.0,628.0
582,0.515088549561,0.913307668284,0.893116646073,1.49711735987,1.49097575394,0.634193777226,1.65882245287,511.0,628.0
583,0.515088549561,0.913307668284,0.893116646073,1.49711735987,1.49097575394,0.634193777226,1.65882245287,511.0,628.0
584,0.515088549561,0.913307668284,0.893116646073,1.49711735987,1.49097575394,0.634193777226,1.65882245287,511.0,628.0
585,0.515088549561,0.913307668284,0.893116646073,1.49711735987,1.49097575394,0.634193777226,1.65882245287,511.0,628.0
586,0.515088549561,0.913307668284,0.893116646073,1.49711735987,1.49097575394,0.634193777226,1.65882245287,511.0,628.0
587,0.515088549561,0.913307668284,0.893116646073,1.49711735987,1.49097575394,0.634193777226,1.65882245287,511.0,628.0
588,0.515088549561,0.913307668284,0.893116646073,1.49711735987,1.49097575394,0.634193777226,1.65882245287,511.0,628.0
589,0.515088549561,0.913307668284,0.893116646073,1.49711735987,1.49097575394,0.634193777226,1.65882245287,511.0,628.0
590,0.515088549561,0.913307668284,0.893116646073,1.49711735987,1.49097575394,0.634193777226,1.65882245287,511.0,628.0
591,0.515088549561,0.913307668284,0.893116646073,1.49711735987,1.49097575394,0.634193777226,1.65882245287,511.0,628.0
592,0.515088549561,0.913307668284,0.893116646073,1.49711735987,1.49097575394,0.634193777226,1.65882245287,511.0,628.0
593,0.515088549561,0.913307668284,0.893116646073,1.49711735987,1.49097575394,0.634193777226,1.65882245287,511.0,628.0
594,0.515088549561,0.913307668284,0.893116646073,1.49711735987,1.49097575394,0.634193777226,1.65882245287,511.0,628.0
595,0.515088549561,0.913307668284,0.893116646073,1.49711735987,1.49097575394,0.634193777226,1.65882245287,511.0,628.0
596,0.515088549561,0.913307668284,0.893116646073,1.49711735987,1.49097575394,0.634193777226,1.65882245287,511.0,628.0
597,0.515088549561,0.913307668284,0.893116646073,1.49711735987,1.49097575394,0.634193777226,1.65882245287,511.0,628.0
598,0.515088549561,0.913307668284,0.893116646073,1.49711735987,1.49097575394,0.634193777226,1.65882245287,511.0,628.0
599,0.563243152473,0.92442660878,0.491363842876,2.75981109264,1.42044390882,0.94043688043,2.44700411433,541.0,658.0
600,0.563243152473,0.92442660878,0.491363842876,2.75981109264,1.42044390882,0.94043688043,2.44700411433,541.0,658.0
601,0.839251007142,0.726253535738,1.08961844878,2.20921089434,0.875782692836,0.601305407026,1.71643141902,571.0,688.0
602,0.839251007142,0.726253535738,1.08961844878,2.20921089434,0.875782692836,0.601305407026,1.71643141902,571.0,688.0
603,0.839251007142,0.726253535738,1.08961844878,2.20921089434,0.875782692836,0.601305407026,1.71643141902,571.0,688.0
604,0.839251007142,0.726253535738,1.08961844878,2.20921089434,0.875782692836,0.601305407026,1.71643141902,571.0,688.0
605,0.839251007142,0.726253535738,1.08961844878,2.20921089434,0.875782692836,0.601305407026,1.71643141902,571.0,688.0
606,0.839251007142,0.726253535738,1.08961844878,2.20921089434,0.875782692836,0.601305407026,1.71643141902,571.0,688.0
607,0.839251007142,0.726253535738,1.08961844878,2.20921089434,0.875782692836,0.601305407026,1.71643141902,571.0,688.0
608,0.839251007142,0.726253535738,1.08961844878,2.20921089434,0.875782692836,0.601305407026,1.71643141902,571.0,688.0
609,0.839251007142,0.726253535738,1.08961844878,2.20921089434,0.875782692836,0.601305407026,1.71643141902,571.0,688.0
610,0.839251007142,0.726253535738,1.08961844878,2.20921089434,0.875782692836,0.601305407026,1.71643141902,571.0,688.0
611,0.839251007142,0.726253535738,1.08961844878,2.20921089434,0.875782692836,0.601305407026,1.71643141902,571.0,688.0
612,0.839251007142,0.726253535738,1.08961844878,2.20921089434,0.875782692836,0.601305407026,1.71643141902,571.0,688.0
613,0.839251007142,0.726253535738,1.08961844878,2.20921089434,0.875782692836,0.601305407026,1.71643141902,571.0,688.0
614,0.839251007142,0.726253535738,1.08961844878,2.20921089434,0.875782692836,0.601305407026,1.71643141902,571.0,688.0
615,0.839251007142,0.726253535738,1.08961844878,2.20921089434,0.875782692836,0.601305407026,1.71643141902,571.0,688.0
616,0.839251007142,0.726253535738,1.08961844878,2.20921089434,0.875782692836,0.601305407026,1.71643141902,571.0,688.0
617,0.839251007142,0.726253535738,1.08961844878,2.20921089434,0.875782692836,0.601305407026,1.71643141902,571.0,688.0
618,0.839251007142,0.726253535738,1.08961844878,2.20921089434,0.875782692836,0.601305407026,1.71643141902,571.0,688.0
619,0.839251007142,0.726253535738,1.08961844878,2.20921089434,0.875782692836,0.601305407026,1.71643141902,571.0,688.0
620,0.839251007142,0.726253535738,1.08961844878,2.20921089434,0.875782692836,0.601305407026,1.71643141902,571.0,688.0
621,0.839251007142,0.726253535738,1.08961844878,2.20921089434,0.875782692836,0.601305407026,1.71643141902,571.0,688.0
622,0.839251007142,0.726253535738,1.08961844878,2.20921089434,0.875782692836,0.601305407026,1.71643141902,571.0,688.0
623,0.839251007142,0.726253535738,1.08961844878,2.20921089434,0.875782692836,0.601305407026,1.71643141902,571.0,688.0
624,0.839251007142,0.726253535738,1.08961844878,2.20921089434,0.875782692836,0.601305407026,1.71643141902,571.0,688.0
625,0.839251007142,0.726253535738,1.08961844878,2.20921089434,0.875782692836,0.601305407026,1.71643141902,571.0,688.0
626,0.839251007142,0.726253535738,1.08961844878,2.20921089434,0.875782692836,0.601305407026,1.71643141902,571.0,688.0
627,0.839251007142,0.726253535738,1.08961844878,2.20921089434,0.875782692836,0.601305407026,1.71643141902,571.0,688.0
628,0.839251007142,0.726253535738,1.08961844878,2.20921089434,0.875782692836,0.601305407026,1.71643141902,571.0,688.0
629,0.839251007142,0.726253535738,1.08961844878,2.20921089434,0.875782692836,0.601305407026,1.71643141902,571.0,688.0
630,0.839251007142,0.726253535738,1.08961844878,2.20921089434,0.875782692836,0.601305407026,1.71643141902,571.0,688.0
631,0.839251007142,0.726253535738,1.08961844878,2.20921089434,0.875782692836,0.601305407026,1.71643141902,571.0,688.0
632,0.839251007142,0.726253535738,1.08961844878,2.20921089434,0.875782692836,0.601305407026,1.71643141902,571.0,688.0
633,0.839251007142,0.726253535738,1.08961844878,2.20921089434,0.875782692836,0.601305407026,1.71643141902,571.0,688.0
634,0.839251007142,0.726253535738,1.08961844878,2.20921089434,0.875782692836,0.601305407026,1.71643141902,571.0,688.0
635,0.839251007142,0.726253535738,1.08961844878,2.20921089434,0.875782692836,0.601305407026,1.71643141902,571.0,688.0
636,0.839251007142,0.726253535738,1.08961844878,2.20921089434,0.875782692836,0.601305407026,1.71643141902,571.0,688.0
637,0.839251007142,0.726253535738,1.08961844878,2.20921089434,0.875782692836,0.601305407026,1.71643141902,571.0,688.0
638,0.839251007142,0.726253535738,1.08961844878,2.20921089434,0.875782692836,0.601305407026,1.71643141902,571.0,688.0
639,0.839251007142,0.726253535738,1.08961844878,2.20921089434,0.875782692836,0.601305407026,1.71643141902,571.0,688.0
640,0.839251007142,0.726253535738,1.08961844878,2.20921089434,0.875782692836,0.601305407026,1.71643141902,571.0,688.0
641,0.839251007142,0.726253535738,1.08961844878,2.20921089434,0.875782692836,0.601305407026,1.71643141902,571.0,688.0
642,0.839251007142,0.726253535738,1.08961844878,2.20921089434,0.875782692836,0.601305407026,1.71643141902,571.0,688.0
643,0.839251007142,0.726253535738,1.08961844878,2.20921089434,0.875782692836,0.601305407026,1.71643141902,571.0,688.0
644,0.839251007142,0.726253535738,1.08961844878,2.20921089434,0.875782692836,0.601305407026,1.71643141902,571.0,688.0
645,0.839251007142,0.726253535738,1.08961844878,2.20921089434,0.875782692836,0.601305407026,1.71643141902,571.0,688.0
646,0.839251007142,0.726253535738,1.08961844878,2.20921089434,0.875782692836,0.601305407026,1.71643141902,571.0,688.0
647,0.839251007142,0.726253535738,1.08961844878,2.20921089434,0.875782692836,0.601305407026,1.71643141902,571.0,688.0
648,0.839251007142,0.726253535738,1.08961844878,2.20921089434,0.875782692836,0.601305407026,1.71643141902,571.0,688.0
649,0.839251007142,0.726253535738,1.08961844878,2.20921089434,0.875782692836,0.601305407026,1.71643141902,571.0,688.0
650,0.839251007142,0.726253535738,1.08961844878,2.20921089434,0.875782692836,0.601305407026,1.71643141902,571.0,688.0
651,0.839251007142,0.726253535738,1.08961844878,2.20921089434,0.875782692836,0.601305407026,1.71643141902,571.0,688.0
652,0.839251007142,0.726253535738,1.08961844878,2.20921089434,0.875782692836,0.601305407026,1.71643141902,571.0,688.0
653,0.839251007142,0.726253535738,1.08961844878,2.20921089434,0.875782692836,0.601305407026,1.71643141902,571.0,688.0
654,0.839251007142,0.726253535738,1.08961844878,2.20921089434,0.875782692836,0.601305407026,1.71643141902,571.0,688.0
655,0.839251007142,0.726253535738,1.08961844878,2.20921089434,0.875782692836,0.601305407026,1.71643141902,571.0,688.0
656,0.839251007142,0.726253535738,1.08961844878,2.20921089434,0.875782692836,0.601305407026,1.71643141902,571.0,688.0
657,0.839251007142,0.726253535738,1.08961844878,2.20921089434,0.875782692836,0.601305407026,1.71643141902,571.0,688.0
658,0.839251007142,0.726253535738,1.08961844878,2.20921089434,0.875782692836,0.601305407026,1.71643141902,571.0,688.0
659,1.11525886181,0.528080462696,1.68787305468,1.65861069604,0.331121476852,0.262173933622,0.985858723718,601.0,718.0
660,1.11525886181,0.528080462696,1.68787305468,1.65861069604,0.331121476852,0.262173933622,0.985858723718,601.0,718.0
661,0.754689429163,0.573753322779,1.1376509687,1.12571251797,0.786279622351,0.357029050417,1.11185082948,631.0,748.0
662,0.754689429163,0.573753322779,1.1376509687,1.12571251797,0.786279622351,0.357029050417,1.11185082948,631.0,748.0
663,0.754689429163,0.573753322779,1.1376509687,1.12571251797,0.786279622351,0.357029050417,1.11185082948,631.0,748.0
664,0.754689429163,0.573753322779,1.1376509687,1.12571251797,0.786279622351,0.357029050417,1.11185082948,631.0,748.0
665,0.754689429163,0.573753322779,1.1376509687,1.12571251797,0.786279622351,0.357029050417,1.11185082948,631.0,748.0
666,0.754689429163,0.573753322779,1.1376509687,1.12571251797,0.786279622351,0.357029050417,1.11185082948,631.0,748.0
667,0.754689429163,0.573753322779,1.1376509687,1.12571251797,0.786279622351,0.357029050417,1.11185082948,631.0,748.0
668,0.754689429163,0.573753322779,1.1376509687,1.12571251797,0.786279622351,0.357029050417,1.11185082948,631.0,748.0
669,0.754689429163,0.573753322779,1.1376509687,1.12571251797,0.786279622351,0.357029050417,1.11185082948,631.0,748.0
670,0.754689429163,0.573753322779,1.1376509687,1.12571251797,0.786279622351,0.357029050417,1.11185082948,631.0,748.0
671,0.754689429163,0.573753322779,1.1376509687,1.12571251797,0.786279622351,0.357029050417,1.11185082948,631.0,748.0
672,0.754689429163,0.573753322779,1.1376509687,1.12571251797,0.786279622351,0.357029050417,1.11185082948,631.0,748.0
673,0.754689429163,0.573753322779,1.1376509687,1.12571251797,0.786279622351,0.357029050417,1.11185082948,631.0,748.0
674,0.754689429163,0.573753322779,1.1376509687,1.12571251797,0.786279622351,0.357029050417,1.11185082948,631.0,748.0
675,0.754689429163,0.573753322779,1.1376509687,1.12571251797,0.786279622351,0.357029050417,1.11185082948,631.0,748.0
676,0.754689429163,0.573753322779,1.1376509687,1.12571251797,0.786279622351,0.357029050417,1.11185082948,631.0,748.0
677,0.754689429163,0.573753322779,1.1376509687,1.12571251797,0.786279622351,0.357029050417,1.11185082948,631.0,748.0
678,0.754689429163,0.573753322779,1.1376509687,1.12571251797,0.786279622351,0.357029050417,1.11185082948,631.0,748.0
679,0.754689429163,0.573753322779,1.1376509687,1.12571251797,0.786279622351,0.357029050417,1.11185082948,631.0,748.0
680,0.754689429163,0.573753322779,1.1376509687,1.12571251797,0.786279622351,0.357029050417,1.11185082948,631.0,748.0
681,0.754689429163,0.573753322779,1.1376509687,1.12571251797,0.786279622351,0.357029050417,1.11185082948,631.0,748.0
682,0.754689429163,0.573753322779,1.1376509687,1.12571251797,0.786279622351,0.357029050417,1.11185082948,631.0,748.0
683,0.754689429163,0.573753322779,1.1376509687,1.12571251797,0.786279622351,0.357029050417,1.11185082948,631.0,748.0
684,0.754689429163,0.573753322779,1.1376509687,1.12571251797,0.786279622351,0.357029050417,1.11185082948,631.0,748.0
685,0.754689429163,0.573753322779,1.1376509687,1.12571251797,0.786279622351,0.357029050417,1.11185082948,631.0,748.0
686,0.754689429163,0.573753322779,1.1376509687,1.12571251797,0.786279622351,0.357029050417,1.11185082948,631.0,748.0
687,0.754689429163,0.573753322779,1.1376509687,1.12571251797,0.786279622351,0.357029050417,1.11185082948,631.0,748.0
688,0.754689429163,0.573753322779,1.1376509687,1.12571251797,0.786279622351,0.357029050417,1.11185082948,631.0,748.0
689,0.754689429163,0.573753322779,1.1376509687,1.12571251797,0.786279622351,0.357029050417,1.11185082948,631.0,748.0
690,0.754689429163,0.573753322779,1.1376509687,1.12571251797,0.786279622351,0.357029050417,1.11185082948,631.0,748.0
691,0.754689429163,0.573753322779,1.1376509687,1.12571251797,0.786279622351,0.357029050417,1.11185082948,631.0,748.0
692,0.754689429163,0.573753322779,1.1376509687,1.12571251797,0.786279622351,0.357029050417,1.11185082948,631.0,748.0
693,0.754689429163,0.573753322779,1.1376509687,1.12571251797,0.786279622351,0.357029050417,1.11185082948,631.0,748.0
694,0.754689429163,0.573753322779,1.1376509687,1.12571251797,0.786279622351,0.357029050417,1.11185082948,631.0,748.0
695,0.754689429163,0.573753322779,1.1376509687,1.12571251797,0.786279622351,0.357029050417,1.11185082948,631.0,748.0
696,0.754689429163,0.573753322779,1.1376509687,1.12571251797,0.786279622351,0.357029050417,1.11185082948,631.0,748.0
697,0.754689429163,0.573753322779,1.1376509687,1.12571251797,0.786279622351,0.357029050417,1.11185082948,631.0,748.0
698,0.754689429163,0.573753322779,1.1376509687,1.12571251797,0.786279622351,0.357029050417,1.11185082948,631.0,748.0
699,0.754689429163,0.573753322779,1.1376509687,1.12571251797,0.786279622351,0.357029050417,1.11185082948,631.0,748.0
700,0.754689429163,0.573753322779,1.1376509687,1.12571251797,0.786279622351,0.357029050417,1.11185082948,631.0,748.0
701,0.754689429163,0.573753322779,1.1376509687,1.12571251797,0.786279622351,0.357029050417,1.11185082948,631.0,748.0
702,0.754689429163,0.573753322779,1.1376509687,1.12571251797,0.786279622351,0.357029050417,1.11185082948,631.0,748.0
703,0.754689429163,0.573753322779,1.1376509687,1.12571251797,0.786279622351,0.357029050417,1.11185082948,631.0,748.0
704,0.754689429163,0.573753322779,1.1376509687,1.12571251797,0.786279622351,0.357029050417,1.11185082948,631.0,748.0
705,0.754689429163,0.573753322779,1.1376509687,1.12571251797,0.786279622351,0.357029050417,1.11185082948,631.0,748.0
706,0.754689429163,0.573753322779,1.1376509687,1.12571251797,0.786279622351,0.357029050417,1.11185082948,631.0,748.0
707,0.754689429163,0.573753322779,1.1376509687,1.12571251797,0.786279622351,0.357029050417,1.11185082948,631.0,748.0
708,0.754689429163,0.573753322779,1.1376509687,1.12571251797,0.786279622351,0.357029050417,1.11185082948,631.0,748.0
709,0.754689429163,0.573753322779,1.1376509687,1.12571251797,0.786279622351,0.357029050417,1.11185082948,631.0,748.0
710,0.754689429163,0.573753322779,1.1376509687,1.12571251797,0.786279622351,0.357029050417,1.11185082948,631.0,748.0
711,0.754689429163,0.573753322779,1.1376509687,1.12571251797,0.786279622351,0.357029050417,1.11185082948,631.0,748.0
712,0.754689429163,0.573753322779,1.1376509687,1.12571251797,0.786279622351,0.357029050417,1.11185082948,631.0,748.0
713,0.754689429163,0.573753322779,1.1376509687,1.12571251797,0.786279622351,0.357029050417,1.11185082948,631.0,748.0
714,0.754689429163,0.573753322779,1.1376509687,1.12571251797,0.786279622351,0.357029050417,1.11185082948,631.0,748.0
715,0.754689429163,0.573753322779,1.1376509687,1.12571251797,0.786279622351,0.357029050417,1.11185082948,631.0,748.0
716,0.754689429163,0.573753322779,1.1376509687,1.12571251797,0.786279622351,0.357029050417,1.11185082948,631.0,748.0
717,0.754689429163,0.573753322779,1.1376509687,1.12571251797,0.786279622351,0.357029050417,1.11185082948,631.0,748.0
718,0.754689429163,0.573753322779,1.1376509687,1.12571251797,0.786279622351,0.357029050417,1.11185082948,631.0,748.0
719,0.394119996515,0.619426182863,0.587428882719,0.592814339891,1.24143776785,0.451884167212,1.23784293524,661.0,778.0
720,0.394119996515,0.619426182863,0.587428882719,0.592814339891,1.24143776785,0.451884167212,1.23784293524,661.0,778.0
721,0.482658077952,0.501214253812,0.724318592309,0.67779771281,2.08584357262,0.563810783837,0.650682951863,691.0,808.0
722,0.482658077952,0.501214253812,0.724318592309,0.67779771281,2.08584357262,0.563810783837,0.650682951863,691.0,808.0
723,0.482658077952,0.501214253812,0.724318592309,0.67779771281,2.08584357262,0.563810783837,0.650682951863,691.0,808.0
724,0.482658077952,0.501214253812,0.724318592309,0.67779771281,2.08584357262,0.563810783837,0.650682951863,691.0,808.0
725,0.482658077952,0.501214253812,0.724318592309,0.67779771281,2.08584357262,0.563810783837,0.650682951863,691.0,808.0
726,0.482658077952,0.501214253812,0.724318592309,0.67779771281,2.08584357262,0.563810783837,0.650682951863,691.0,808.0
727,0.482658077952,0.501214253812,0.724318592309,0.67779771281,2.08584357262,0.563810783837,0.650682951863,691.0,808.0
728,0.482658077952,0.501214253812,0.724318592309,0.67779771281,2.08584357262,0.563810783837,0.650682951863,691.0,808.0
729,0.482658077952,0.501214253812,0.724318592309,0.67779771281,2.08584357262,0.563810783837,0.650682951863,691.0,808.0
730,0.482658077952,0.501214253812,0.724318592309,0.67779771281,2.08584357262,0.563810783837,0.650682951863,691.0,808.0
731,0.482658077952,0.501214253812,0.724318592309,0.67779771281,2.08584357262,0.563810783837,0.650682951863,691.0,808.0
732,0.482658077952,0.501214253812,0.724318592309,0.67779771281,2.08584357262,0.563810783837,0.650682951863,691.0,808.0
733,0.482658077952,0.501214253812,0.724318592309,0.67779771281,2.08584357262,0.563810783837,0.650682951863,691.0,808.0
734,0.482658077952,0.501214253812,0.724318592309,0.67779771281,2.08584357262,0.563810783837,0.650682951863,691.0,808.0
735,0.482658077952,0.501214253812,0.724318592309,0.67779771281,2.08584357262,0.563810783837,0.650682951863,691.0,808.0
736,0.482658077952,0.501214253812,0.724318592309,0.67779771281,2.08584357262,0.563810783837,0.650682951863,691.0,808.0
737,0.482658077952,0.501214253812,0.724318592309,0.67779771281,2.08584357262,0.563810783837,0.650682951863,691.0,808.0
738,0.482658077952,0.501214253812,0.724318592309,0.67779771281,2.08584357262,0.563810783837,0.650682951863,691.0,808.0
739,0.482658077952,0.501214253812,0.724318592309,0.67779771281,2.08584357262,0.563810783837,0.650682951863,691.0,808.0
740,0.482658077952,0.501214253812,0.724318592309,0.67779771281,2.08584357262,0.563810783837,0.650682951863,691.0,808.0
741,0.482658077952,0.501214253812,0.724318592309,0.67779771281,2.08584357262,0.563810783837,0.650682951863,691.0,808.0
742,0.482658077952,0.501214253812,0.724318592309,0.67779771281,2.08584357262,0.563810783837,0.650682951863,691.0,808.0
743,0.482658077952,0.501214253812,0.724318592309,0.67779771281,2.08584357262,0.563810783837,0.650682951863,691.0,808.0
744,0.482658077952,0.501214253812,0.724318592309,0.67779771281,2.08584357262,0.563810783837,0.650682951863,691.0,808.0
745,0.482658077952,0.501214253812,0.724318592309,0.67779771281,2.08584357262,0.563810783837,0.650682951863,691.0,808.0
746,0.482658077952,0.501214253812,0.724318592309,0.67779771281,2.08584357262,0.563810783837,0.650682951863,691.0,808.0
747,0.482658077952,0.501214253812,0.724318592309,0.67779771281,2.08584357262,0.563810783837,0.650682951863,691.0,808.0
748,0.482658077952,0.501214253812,0.724318592309,0.67779771281,2.08584357262,0.563810783837,0.650682951863,691.0,808.0
749,0.482658077952,0.501214253812,0.724318592309,0.67779771281,2.08584357262,0.563810783837,0.650682951863,691.0,808.0
750,0.482658077952,0.501214253812,0.724318592309,0.67779771281,2.08584357262,0.563810783837,0.650682951863,691.0,808.0
751,0.482658077952,0.501214253812,0.724318592309,0.67779771281,2.08584357262,0.563810783837,0.650682951863,691.0,808.0
752,0.482658077952,0.501214253812,0.724318592309,0.67779771281,2.08584357262,0.563810783837,0.650682951863,691.0,808.0
753,0.482658077952,0.501214253812,0.724318592309,0.67779771281,2.08584357262,0.563810783837,0.650682951863,691.0,808.0
754,0.482658077952,0.501214253812,0.724318592309,0.67779771281,2.08584357262,0.563810783837,0.650682951863,691.0,808.0
755,0.482658077952,0.501214253812,0.724318592309,0.67779771281,2.08584357262,0.563810783837,0.650682951863,691.0,808.0
756,0.482658077952,0.501214253812,0.724318592309,0.67779771281,2.08584357262,0.563810783837,0.650682951863,691.0,808.0
757,0.482658077952,0.501214253812,0.724318592309,0.67779771281,2.08584357262,0.563810783837,0.650682951863,691.0,808.0
758,0.482658077952,0.501214253812,0.724318592309,0.67779771281,2.08584357262,0.563810783837,0.650682951863,691.0,808.0
759,0.482658077952,0.501214253812,0.724318592309,0.67779771281,2.08584357262,0.563810783837,0.650682951863,691.0,808.0
760,0.482658077952,0.501214253812,0.724318592309,0.67779771281,2.08584357262,0.563810783837,0.650682951863,691.0,808.0
761,0.482658077952,0.501214253812,0.724318592309,0.67779771281,2.08584357262,0.563810783837,0.650682951863,691.0,808.0
762,0.482658077952,0.501214253812,0.724318592309,0.67779771281,2.08584357262,0.563810783837,0.650682951863,691.0,808.0
763,0.482658077952,0.501214253812,0.724318592309,0.67779771281,2.08584357262,0.563810783837,0.650682951863,691.0,808.0
764,0.482658077952,0.501214253812,0.724318592309,0.67779771281,2.08584357262,0.563810783837,0.650682951863,691.0,808.0
765,0.482658077952,0.501214253812,0.724318592309,0.67779771281,2.08584357262,0.563810783837,0.650682951863,691.0,808.0
766,0.482658077952,0.501214253812,0.724318592309,0.67779771281,2.08584357262,0.563810783837,0.650682951863,691.0,808.0
767,0.482658077952,0.501214253812,0.724318592309,0.67779771281,2.08584357262,0.563810783837,0.650682951863,691.0,808.0
768,0.482658077952,0.501214253812,0.724318592309,0.67779771281,2.08584357262,0.563810783837,0.650682951863,691.0,808.0
769,0.482658077952,0.501214253812,0.724318592309,0.67779771281,2.08584357262,0.563810783837,0.650682951863,691.0,808.0
770,0.482658077952,0.501214253812,0.724318592309,0.67779771281,2.08584357262,0.563810783837,0.650682951863,691.0,808.0
771,0.482658077952,0.501214253812,0.724318592309,0.67779771281,2.08584357262,0.563810783837,0.650682951863,691.0,808.0
772,0.482658077952,0.501214253812,0.724318592309,0.67779771281,2.08584357262,0.563810783837,0.650682951863,691.0,808.0
773,0.482658077952,0.501214253812,0.724318592309,0.67779771281,2.08584357262,0.563810783837,0.650682951863,691.0,808.0
774,0.482658077952,0.501214253812,0.724318592309,0.67779771281,2.08584357262,0.563810783837,0.650682951863,691.0,808.0
775,0.482658077952,0.501214253812,0.724318592309,0.67779771281,2.08584357262,0.563810783837,0.650682951863,691.0,808.0
776,0.482658077952,0.501214253812,0.724318592309,0.67779771281,2.08584357262,0.563810783837,0.650682951863,691.0,808.0
777,0.482658077952,0.501214253812,0.724318592309,0.67779771281,2.08584357262,0.563810783837,0.650682951863,691.0,808.0
778,0.482658077952,0.501214253812,0.724318592309,0.67779771281,2.08584357262,0.563810783837,0.650682951863,691.0,808.0
779,0.57119615939,0.383002324762,0.861208301899,0.76278108573,2.93024937739,0.675737400463,0.0635229684853,721.0,838.0
780,0.57119615939,0.383002324762,0.861208301899,0.76278108573,2.93024937739,0.675737400463,0.0635229684853,721.0,838.0
781,0.57119615939,0.383002324762,0.861208301899,0.76278108573,2.93024937739,0.675737400463,0.0635229684853,721.0,838.0
782,0.57119615939,0.383002324762,0.861208301899,0.76278108573,2.93024937739,0.675737400463,0.0635229684853,721.0,838.0
783,0.57119615939,0.383002324762,0.861208301899,0.76278108573,2.93024937739,0.675737400463,0.0635229684853,721.0,838.0
784,0.57119615939,0.383002324762,0.861208301899,0.76278108573,2.93024937739,0.675737400463,0.0635229684853,721.0,838.0
785,0.57119615939,0.383002324762,0.861208301899,0.76278108573,2.93024937739,0.675737400463,0.0635229684853,721.0,838.0
786,0.57119615939,0.383002324762,0.861208301899,0.76278108573,2.93024937739,0.675737400463,0.0635229684853,721.0,838.0
787,0.57119615939,0.383002324762,0.861208301899,0.76278108573,2.93024937739,0.675737400463,0.0635229684853,721.0,838.0
788,0.57119615939,0.383002324762,0.861208301899,0.76278108573,2.93024937739,0.675737400463,0.0635229684853,721.0,838.0
789,0.57119615939,0.383002324762,0.861208301899,0.76278108573,2.93024937739,0.675737400463,0.0635229684853,721.0,838.0
790,0.57119615939,0.383002324762,0.861208301899,0.76278108573,2.93024937739,0.675737400463,0.0635229684853,721.0,838.0
791,0.57119615939,0.383002324762,0.861208301899,0.76278108573,2.93024937739,0.675737400463,0.0635229684853,721.0,838.0
792,0.57119615939,0.383002324762,0.861208301899,0.76278108573,2.93024937739,0.675737400463,0.0635229684853,721.0,838.0
793,0.57119615939,0.383002324762,0.861208301899,0.76278108573,2.93024937739,0.675737400463,0.0635229684853,721.0,838.0
794,0.57119615939,0.383002324762,0.861208301899,0.76278108573,2.93024937739,0.675737400463,0.0635229684853,721.0,838.0
795,0.57119615939,0.383002324762,0.861208301899,0.76278108573,2.93024937739,0.675737400463,0.0635229684853,721.0,838.0
796,0.57119615939,0.383002324762,0.861208301899,0.76278108573,2.93024937739,0.675737400463,0.0635229684853,721.0,838.0
797,0.57119615939,0.383002324762,0.861208301899,0.76278108573,2.93024937739,0.675737400463,0.0635229684853,721.0,838.0
798,0.57119615939,0.383002324762,0.861208301899,0.76278108573,2.93024937739,0.675737400463,0.0635229684853,721.0,838.0
799,0.57119615939,0.383002324762,0.861208301899,0.76278108573,2.93024937739,0.675737400463,0.0635229684853,721.0,838.0
800,0.57119615939,0.383002324762,0.861208301899,0.76278108573,2.93024937739,0.675737400463,0.0635229684853,721.0,838.0
801,0.57119615939,0.383002324762,0.861208301899,0.76278108573,2.93024937739,0.675737400463,0.0635229684853,721.0,838.0
802,0.57119615939,0.383002324762,0.861208301899,0.76278108573,2.93024937739,0.675737400463,0.0635229684853,721.0,838.0
803,0.57119615939,0.383002324762,0.861208301899,0.76278108573,2.93024937739,0.675737400463,0.0635229684853,721.0,838.0
804,0.57119615939,0.383002324762,0.861208301899,0.76278108573,2.93024937739,0.675737400463,0.0635229684853,721.0,838.0
805,0.57119615939,0.383002324762,0.861208301899,0.76278108573,2.93024937739,0.675737400463,0.0635229684853,721.0,838.0
806,0.57119615939,0.383002324762,0.861208301899,0.76278108573,2.93024937739,0.675737400463,0.0635229684853,721.0,838.0
807,0.57119615939,0.383002324762,0.861208301899,0.76278108573,2.93024937739,0.675737400463,0.0635229684853,721.0,838.0
808,0.57119615939,0.383002324762,0.861208301899,0.76278108573,2.93024937739,0.675737400463,0.0635229684853,721.0,838.0
809,0.57119615939,0.383002324762,0.861208301899,0.76278108573,2.93024937739,0.675737400463,0.0635229684853,721.0,838.0
810,0.57119615939,0.383002324762,0.861208301899,0.76278108573,2.93024937739,0.675737400463,0.0635229684853,721.0,838.0
811,0.57119615939,0.383002324762,0.861208301899,0.76278108573,2.93024937739,0.675737400463,0.0635229684853,721.0,838.0
812,0.57119615939,0.383002324762,0.861208301899,0.76278108573,2.93024937739,0.675737400463,0.0635229684853,721.0,838.0
813,0.57119615939,0.383002324762,0.861208301899,0.76278108573,2.93024937739,0.675737400463,0.0635229684853,721.0,838.0
814,0.57119615939,0.383002324762,0.861208301899,0.76278108573,2.93024937739,0.675737400463,0.0635229684853,721.0,838.0
815,0.57119615939,0.383002324762,0.861208301899,0.76278108573,2.93024937739,0.675737400463,0.0635229684853,721.0,838.0
816,0.57119615939,0.383002324762,0.861208301899,0.76278108573,2.93024937739,0.675737400463,0.0635229684853,721.0,838.0
817,0.57119615939,0.383002324762,0.861208301899,0.76278108573,2.93024937739,0.675737400463,0.0635229684853,721.0,838.0
818,0.57119615939,0.383002324762,0.861208301899,0.76278108573,2.93024937739,0.675737400463,0.0635229684853,721.0,838.0
819,0.57119615939,0.383002324762,0.861208301899,0.76278108573,2.93024937739,0.675737400463,0.0635229684853,721.0,838.0
820,0.57119615939,0.383002324762,0.861208301899,0.76278108573,2.93024937739,0.675737400463,0.0635229684853,721.0,838.0
821,0.57119615939,0.383002324762,0.861208301899,0.76278108573,2.93024937739,0.675737400463,0.0635229684853,721.0,838.0
822,0.57119615939,0.383002324762,0.861208301899,0.76278108573,2.93024937739,0.675737400463,0.0635229684853,721.0,838.0
823,0.57119615939,0.383002324762,0.861208301899,0.76278108573,2.93024937739,0.675737400463,0.0635229684853,721.0,838.0
824,0.57119615939,0.383002324762,0.861208301899,0.76278108573,2.93024937739,0.675737400463,0.0635229684853,721.0,838.0
825,0.57119615939,0.383002324762,0.861208301899,0.76278108573,2.93024937739,0.675737400463,0.0635229684853,721.0,838.0
826,0.57119615939,0.383002324762,0.861208301899,0.76278108573,2.93024937739,0.675737400463,0.0635229684853,721.0,838.0
827,0.57119615939,0.383002324762,0.861208301899,0.76278108573,2.93024937739,0.675737400463,0.0635229684853,721.0,838.0
828,0.57119615939,0.383002324762,0.861208301899,0.76278108573,2.93024937739,0.675737400463,0.0635229684853,721.0,838.0
829,0.57119615939,0.383002324762,0.861208301899,0.76278108573,2.93024937739,0.675737400463,0.0635229684853,721.0,838.0
830,0.57119615939,0.383002324762,0.861208301899,0.76278108573,2.93024937739,0.675737400463,0.0635229684853,721.0,838.0
831,0.57119615939,0.383002324762,0.861208301899,0.76278108573,2.93024937739,0.675737400463,0.0635229684853,721.0,838.0
832,0.57119615939,0.383002324762,0.861208301899,0.76278108573,2.93024937739,0.675737400463,0.0635229684853,721.0,838.0
833,0.57119615939,0.383002324762,0.861208301899,0.76278108573,2.93024937739,0.675737400463,0.0635229684853,721.0,838.0
834,0.57119615939,0.383002324762,0.861208301899,0.76278108573,2.93024937739,0.675737400463,0.0635229684853,721.0,838.0
835,0.57119615939,0.383002324762,0.861208301899,0.76278108573,2.93024937739,0.675737400463,0.0635229684853,721.0,838.0
836,0.57119615939,0.383002324762,0.861208301899,0.76278108573,2.93024937739,0.675737400463,0.0635229684853,721.0,838.0
837,0.57119615939,0.383002324762,0.861208301899,0.76278108573,2.93024937739,0.675737400463,0.0635229684853,721.0,838.0
