,16418_CHIKVDay0_20ug,16418_CHIKVDay35_20ug,24961_ZIKVDay28_20ug,25147_ZIKVDay28_20ug,25421_ZIKVDay28_20ug,26021_ZIKVDay0_20ug,26021_ZIKVDay28_20ug,26023_ZIKVDay0_20ug,26023_ZIKVDay28_20ug,DENV1_20ug,DENV2_20ug,DENV3_20ug,DENV4_20ug,RM1PregZIKVDay0_20ug,RM1PregZIKVDay28_20ug,RM2PregZIKVDay21_20ug,RM3PregZIKVDay21_20ug,RM4PregZIKVDay85_20ug,beads,input,start,end,entropy,max_enrichment
1,0.966007020897,2.40154322185,1.33940935802,0.256734977483,0.0369449122618,6.90168711408,3.81425415293,1.18130291885,1.02982762979,0.427314790252,0.0,0.156370315673,0.192132472949,1.00399673924,0.831950084709,0.339515232445,0.270467078552,1.48696944864,0.935808388158,1.0,1.0,118.0,2.41435033998,6.90168711408
2,0.966007020897,2.40154322185,1.33940935802,0.256734977483,0.0369449122618,6.90168711408,3.81425415293,1.18130291885,1.02982762979,0.427314790252,0.0,0.156370315673,0.192132472949,1.00399673924,0.831950084709,0.339515232445,0.270467078552,1.48696944864,0.935808388158,1.0,1.0,118.0,2.41435033998,6.90168711408
3,0.966007020897,2.40154322185,1.33940935802,0.256734977483,0.0369449122618,6.90168711408,3.81425415293,1.18130291885,1.02982762979,0.427314790252,0.0,0.156370315673,0.192132472949,1.00399673924,0.831950084709,0.339515232445,0.270467078552,1.48696944864,0.935808388158,1.0,1.0,118.0,2.41435033998,6.90168711408
4,0.966007020897,2.40154322185,1.33940935802,0.256734977483,0.0369449122618,6.90168711408,3.81425415293,1.18130291885,1.02982762979,0.427314790252,0.0,0.156370315673,0.192132472949,1.00399673924,0.831950084709,0.339515232445,0.270467078552,1.48696944864,0.935808388158,1.0,1.0,118.0,2.41435033998,6.90168711408
5,0.966007020897,2.40154322185,1.33940935802,0.256734977483,0.0369449122618,6.90168711408,3.81425415293,1.18130291885,1.02982762979,0.427314790252,0.0,0.156370315673,0.192132472949,1.00399673924,0.831950084709,0.339515232445,0.270467078552,1.48696944864,0.935808388158,1.0,1.0,118.0,2.41435033998,6.90168711408
6,0.966007020897,2.40154322185,1.33940935802,0.256734977483,0.0369449122618,6.90168711408,3.81425415293,1.18130291885,1.02982762979,0.427314790252,0.0,0.156370315673,0.192132472949,1.00399673924,0.831950084709,0.339515232445,0.270467078552,1.48696944864,0.935808388158,1.0,1.0,118.0,2.41435033998,6.90168711408
7,0.966007020897,2.40154322185,1.33940935802,0.256734977483,0.0369449122618,6.90168711408,3.81425415293,1.18130291885,1.02982762979,0.427314790252,0.0,0.156370315673,0.192132472949,1.00399673924,0.831950084709,0.339515232445,0.270467078552,1.48696944864,0.935808388158,1.0,1.0,118.0,2.41435033998,6.90168711408
8,0.966007020897,2.40154322185,1.33940935802,0.256734977483,0.0369449122618,6.90168711408,3.81425415293,1.18130291885,1.02982762979,0.427314790252,0.0,0.156370315673,0.192132472949,1.00399673924,0.831950084709,0.339515232445,0.270467078552,1.48696944864,0.935808388158,1.0,1.0,118.0,2.41435033998,6.90168711408
9,0.966007020897,2.40154322185,1.33940935802,0.256734977483,0.0369449122618,6.90168711408,3.81425415293,1.18130291885,1.02982762979,0.427314790252,0.0,0.156370315673,0.192132472949,1.00399673924,0.831950084709,0.339515232445,0.270467078552,1.48696944864,0.935808388158,1.0,1.0,118.0,2.41435033998,6.90168711408
10,0.966007020897,2.40154322185,1.33940935802,0.256734977483,0.0369449122618,6.90168711408,3.81425415293,1.18130291885,1.02982762979,0.427314790252,0.0,0.156370315673,0.192132472949,1.00399673924,0.831950084709,0.339515232445,0.270467078552,1.48696944864,0.935808388158,1.0,1.0,118.0,2.41435033998,6.90168711408
11,0.966007020897,2.40154322185,1.33940935802,0.256734977483,0.0369449122618,6.90168711408,3.81425415293,1.18130291885,1.02982762979,0.427314790252,0.0,0.156370315673,0.192132472949,1.00399673924,0.831950084709,0.339515232445,0.270467078552,1.48696944864,0.935808388158,1.0,1.0,118.0,2.41435033998,6.90168711408
12,0.966007020897,2.40154322185,1.33940935802,0.256734977483,0.0369449122618,6.90168711408,3.81425415293,1.18130291885,1.02982762979,0.427314790252,0.0,0.156370315673,0.192132472949,1.00399673924,0.831950084709,0.339515232445,0.270467078552,1.48696944864,0.935808388158,1.0,1.0,118.0,2.41435033998,6.90168711408
13,0.966007020897,2.40154322185,1.33940935802,0.256734977483,0.0369449122618,6.90168711408,3.81425415293,1.18130291885,1.02982762979,0.427314790252,0.0,0.156370315673,0.192132472949,1.00399673924,0.831950084709,0.339515232445,0.270467078552,1.48696944864,0.935808388158,1.0,1.0,118.0,2.41435033998,6.90168711408
14,0.966007020897,2.40154322185,1.33940935802,0.256734977483,0.0369449122618,6.90168711408,3.81425415293,1.18130291885,1.02982762979,0.427314790252,0.0,0.156370315673,0.192132472949,1.00399673924,0.831950084709,0.339515232445,0.270467078552,1.48696944864,0.935808388158,1.0,1.0,118.0,2.41435033998,6.90168711408
15,0.966007020897,2.40154322185,1.33940935802,0.256734977483,0.0369449122618,6.90168711408,3.81425415293,1.18130291885,1.02982762979,0.427314790252,0.0,0.156370315673,0.192132472949,1.00399673924,0.831950084709,0.339515232445,0.270467078552,1.48696944864,0.935808388158,1.0,1.0,118.0,2.41435033998,6.90168711408
16,0.966007020897,2.40154322185,1.33940935802,0.256734977483,0.0369449122618,6.90168711408,3.81425415293,1.18130291885,1.02982762979,0.427314790252,0.0,0.156370315673,0.192132472949,1.00399673924,0.831950084709,0.339515232445,0.270467078552,1.48696944864,0.935808388158,1.0,1.0,118.0,2.41435033998,6.90168711408
17,0.966007020897,2.40154322185,1.33940935802,0.256734977483,0.0369449122618,6.90168711408,3.81425415293,1.18130291885,1.02982762979,0.427314790252,0.0,0.156370315673,0.192132472949,1.00399673924,0.831950084709,0.339515232445,0.270467078552,1.48696944864,0.935808388158,1.0,1.0,118.0,2.41435033998,6.90168711408
18,0.966007020897,2.40154322185,1.33940935802,0.256734977483,0.0369449122618,6.90168711408,3.81425415293,1.18130291885,1.02982762979,0.427314790252,0.0,0.156370315673,0.192132472949,1.00399673924,0.831950084709,0.339515232445,0.270467078552,1.48696944864,0.935808388158,1.0,1.0,118.0,2.41435033998,6.90168711408
19,0.966007020897,2.40154322185,1.33940935802,0.256734977483,0.0369449122618,6.90168711408,3.81425415293,1.18130291885,1.02982762979,0.427314790252,0.0,0.156370315673,0.192132472949,1.00399673924,0.831950084709,0.339515232445,0.270467078552,1.48696944864,0.935808388158,1.0,1.0,118.0,2.41435033998,6.90168711408
20,0.966007020897,2.40154322185,1.33940935802,0.256734977483,0.0369449122618,6.90168711408,3.81425415293,1.18130291885,1.02982762979,0.427314790252,0.0,0.156370315673,0.192132472949,1.00399673924,0.831950084709,0.339515232445,0.270467078552,1.48696944864,0.935808388158,1.0,1.0,118.0,2.41435033998,6.90168711408
21,0.966007020897,2.40154322185,1.33940935802,0.256734977483,0.0369449122618,6.90168711408,3.81425415293,1.18130291885,1.02982762979,0.427314790252,0.0,0.156370315673,0.192132472949,1.00399673924,0.831950084709,0.339515232445,0.270467078552,1.48696944864,0.935808388158,1.0,1.0,118.0,2.41435033998,6.90168711408
22,0.966007020897,2.40154322185,1.33940935802,0.256734977483,0.0369449122618,6.90168711408,3.81425415293,1.18130291885,1.02982762979,0.427314790252,0.0,0.156370315673,0.192132472949,1.00399673924,0.831950084709,0.339515232445,0.270467078552,1.48696944864,0.935808388158,1.0,1.0,118.0,2.41435033998,6.90168711408
23,0.966007020897,2.40154322185,1.33940935802,0.256734977483,0.0369449122618,6.90168711408,3.81425415293,1.18130291885,1.02982762979,0.427314790252,0.0,0.156370315673,0.192132472949,1.00399673924,0.831950084709,0.339515232445,0.270467078552,1.48696944864,0.935808388158,1.0,1.0,118.0,2.41435033998,6.90168711408
24,0.966007020897,2.40154322185,1.33940935802,0.256734977483,0.0369449122618,6.90168711408,3.81425415293,1.18130291885,1.02982762979,0.427314790252,0.0,0.156370315673,0.192132472949,1.00399673924,0.831950084709,0.339515232445,0.270467078552,1.48696944864,0.935808388158,1.0,1.0,118.0,2.41435033998,6.90168711408
25,0.966007020897,2.40154322185,1.33940935802,0.256734977483,0.0369449122618,6.90168711408,3.81425415293,1.18130291885,1.02982762979,0.427314790252,0.0,0.156370315673,0.192132472949,1.00399673924,0.831950084709,0.339515232445,0.270467078552,1.48696944864,0.935808388158,1.0,1.0,118.0,2.41435033998,6.90168711408
26,0.966007020897,2.40154322185,1.33940935802,0.256734977483,0.0369449122618,6.90168711408,3.81425415293,1.18130291885,1.02982762979,0.427314790252,0.0,0.156370315673,0.192132472949,1.00399673924,0.831950084709,0.339515232445,0.270467078552,1.48696944864,0.935808388158,1.0,1.0,118.0,2.41435033998,6.90168711408
27,0.966007020897,2.40154322185,1.33940935802,0.256734977483,0.0369449122618,6.90168711408,3.81425415293,1.18130291885,1.02982762979,0.427314790252,0.0,0.156370315673,0.192132472949,1.00399673924,0.831950084709,0.339515232445,0.270467078552,1.48696944864,0.935808388158,1.0,1.0,118.0,2.41435033998,6.90168711408
28,0.966007020897,2.40154322185,1.33940935802,0.256734977483,0.0369449122618,6.90168711408,3.81425415293,1.18130291885,1.02982762979,0.427314790252,0.0,0.156370315673,0.192132472949,1.00399673924,0.831950084709,0.339515232445,0.270467078552,1.48696944864,0.935808388158,1.0,1.0,118.0,2.41435033998,6.90168711408
29,0.966007020897,2.40154322185,1.33940935802,0.256734977483,0.0369449122618,6.90168711408,3.81425415293,1.18130291885,1.02982762979,0.427314790252,0.0,0.156370315673,0.192132472949,1.00399673924,0.831950084709,0.339515232445,0.270467078552,1.48696944864,0.935808388158,1.0,1.0,118.0,2.41435033998,6.90168711408
30,0.966007020897,2.40154322185,1.33940935802,0.256734977483,0.0369449122618,6.90168711408,3.81425415293,1.18130291885,1.02982762979,0.427314790252,0.0,0.156370315673,0.192132472949,1.00399673924,0.831950084709,0.339515232445,0.270467078552,1.48696944864,0.935808388158,1.0,1.0,118.0,2.41435033998,6.90168711408
31,0.966007020897,2.40154322185,1.33940935802,0.256734977483,0.0369449122618,6.90168711408,3.81425415293,1.18130291885,1.02982762979,0.427314790252,0.0,0.156370315673,0.192132472949,1.00399673924,0.831950084709,0.339515232445,0.270467078552,1.48696944864,0.935808388158,1.0,1.0,118.0,2.41435033998,6.90168711408
32,0.966007020897,2.40154322185,1.33940935802,0.256734977483,0.0369449122618,6.90168711408,3.81425415293,1.18130291885,1.02982762979,0.427314790252,0.0,0.156370315673,0.192132472949,1.00399673924,0.831950084709,0.339515232445,0.270467078552,1.48696944864,0.935808388158,1.0,1.0,118.0,2.41435033998,6.90168711408
33,0.966007020897,2.40154322185,1.33940935802,0.256734977483,0.0369449122618,6.90168711408,3.81425415293,1.18130291885,1.02982762979,0.427314790252,0.0,0.156370315673,0.192132472949,1.00399673924,0.831950084709,0.339515232445,0.270467078552,1.48696944864,0.935808388158,1.0,1.0,118.0,2.41435033998,6.90168711408
34,0.966007020897,2.40154322185,1.33940935802,0.256734977483,0.0369449122618,6.90168711408,3.81425415293,1.18130291885,1.02982762979,0.427314790252,0.0,0.156370315673,0.192132472949,1.00399673924,0.831950084709,0.339515232445,0.270467078552,1.48696944864,0.935808388158,1.0,1.0,118.0,2.41435033998,6.90168711408
35,0.966007020897,2.40154322185,1.33940935802,0.256734977483,0.0369449122618,6.90168711408,3.81425415293,1.18130291885,1.02982762979,0.427314790252,0.0,0.156370315673,0.192132472949,1.00399673924,0.831950084709,0.339515232445,0.270467078552,1.48696944864,0.935808388158,1.0,1.0,118.0,2.41435033998,6.90168711408
36,0.966007020897,2.40154322185,1.33940935802,0.256734977483,0.0369449122618,6.90168711408,3.81425415293,1.18130291885,1.02982762979,0.427314790252,0.0,0.156370315673,0.192132472949,1.00399673924,0.831950084709,0.339515232445,0.270467078552,1.48696944864,0.935808388158,1.0,1.0,118.0,2.41435033998,6.90168711408
37,0.966007020897,2.40154322185,1.33940935802,0.256734977483,0.0369449122618,6.90168711408,3.81425415293,1.18130291885,1.02982762979,0.427314790252,0.0,0.156370315673,0.192132472949,1.00399673924,0.831950084709,0.339515232445,0.270467078552,1.48696944864,0.935808388158,1.0,1.0,118.0,2.41435033998,6.90168711408
38,0.966007020897,2.40154322185,1.33940935802,0.256734977483,0.0369449122618,6.90168711408,3.81425415293,1.18130291885,1.02982762979,0.427314790252,0.0,0.156370315673,0.192132472949,1.00399673924,0.831950084709,0.339515232445,0.270467078552,1.48696944864,0.935808388158,1.0,1.0,118.0,2.41435033998,6.90168711408
39,0.966007020897,2.40154322185,1.33940935802,0.256734977483,0.0369449122618,6.90168711408,3.81425415293,1.18130291885,1.02982762979,0.427314790252,0.0,0.156370315673,0.192132472949,1.00399673924,0.831950084709,0.339515232445,0.270467078552,1.48696944864,0.935808388158,1.0,1.0,118.0,2.41435033998,6.90168711408
40,0.966007020897,2.40154322185,1.33940935802,0.256734977483,0.0369449122618,6.90168711408,3.81425415293,1.18130291885,1.02982762979,0.427314790252,0.0,0.156370315673,0.192132472949,1.00399673924,0.831950084709,0.339515232445,0.270467078552,1.48696944864,0.935808388158,1.0,1.0,118.0,2.41435033998,6.90168711408
41,0.966007020897,2.40154322185,1.33940935802,0.256734977483,0.0369449122618,6.90168711408,3.81425415293,1.18130291885,1.02982762979,0.427314790252,0.0,0.156370315673,0.192132472949,1.00399673924,0.831950084709,0.339515232445,0.270467078552,1.48696944864,0.935808388158,1.0,1.0,118.0,2.41435033998,6.90168711408
42,0.966007020897,2.40154322185,1.33940935802,0.256734977483,0.0369449122618,6.90168711408,3.81425415293,1.18130291885,1.02982762979,0.427314790252,0.0,0.156370315673,0.192132472949,1.00399673924,0.831950084709,0.339515232445,0.270467078552,1.48696944864,0.935808388158,1.0,1.0,118.0,2.41435033998,6.90168711408
43,0.966007020897,2.40154322185,1.33940935802,0.256734977483,0.0369449122618,6.90168711408,3.81425415293,1.18130291885,1.02982762979,0.427314790252,0.0,0.156370315673,0.192132472949,1.00399673924,0.831950084709,0.339515232445,0.270467078552,1.48696944864,0.935808388158,1.0,1.0,118.0,2.41435033998,6.90168711408
44,0.966007020897,2.40154322185,1.33940935802,0.256734977483,0.0369449122618,6.90168711408,3.81425415293,1.18130291885,1.02982762979,0.427314790252,0.0,0.156370315673,0.192132472949,1.00399673924,0.831950084709,0.339515232445,0.270467078552,1.48696944864,0.935808388158,1.0,1.0,118.0,2.41435033998,6.90168711408
45,0.966007020897,2.40154322185,1.33940935802,0.256734977483,0.0369449122618,6.90168711408,3.81425415293,1.18130291885,1.02982762979,0.427314790252,0.0,0.156370315673,0.192132472949,1.00399673924,0.831950084709,0.339515232445,0.270467078552,1.48696944864,0.935808388158,1.0,1.0,118.0,2.41435033998,6.90168711408
46,0.966007020897,2.40154322185,1.33940935802,0.256734977483,0.0369449122618,6.90168711408,3.81425415293,1.18130291885,1.02982762979,0.427314790252,0.0,0.156370315673,0.192132472949,1.00399673924,0.831950084709,0.339515232445,0.270467078552,1.48696944864,0.935808388158,1.0,1.0,118.0,2.41435033998,6.90168711408
47,0.966007020897,2.40154322185,1.33940935802,0.256734977483,0.0369449122618,6.90168711408,3.81425415293,1.18130291885,1.02982762979,0.427314790252,0.0,0.156370315673,0.192132472949,1.00399673924,0.831950084709,0.339515232445,0.270467078552,1.48696944864,0.935808388158,1.0,1.0,118.0,2.41435033998,6.90168711408
48,0.966007020897,2.40154322185,1.33940935802,0.256734977483,0.0369449122618,6.90168711408,3.81425415293,1.18130291885,1.02982762979,0.427314790252,0.0,0.156370315673,0.192132472949,1.00399673924,0.831950084709,0.339515232445,0.270467078552,1.48696944864,0.935808388158,1.0,1.0,118.0,2.41435033998,6.90168711408
49,0.966007020897,2.40154322185,1.33940935802,0.256734977483,0.0369449122618,6.90168711408,3.81425415293,1.18130291885,1.02982762979,0.427314790252,0.0,0.156370315673,0.192132472949,1.00399673924,0.831950084709,0.339515232445,0.270467078552,1.48696944864,0.935808388158,1.0,1.0,118.0,2.41435033998,6.90168711408
50,0.966007020897,2.40154322185,1.33940935802,0.256734977483,0.0369449122618,6.90168711408,3.81425415293,1.18130291885,1.02982762979,0.427314790252,0.0,0.156370315673,0.192132472949,1.00399673924,0.831950084709,0.339515232445,0.270467078552,1.48696944864,0.935808388158,1.0,1.0,118.0,2.41435033998,6.90168711408
51,0.966007020897,2.40154322185,1.33940935802,0.256734977483,0.0369449122618,6.90168711408,3.81425415293,1.18130291885,1.02982762979,0.427314790252,0.0,0.156370315673,0.192132472949,1.00399673924,0.831950084709,0.339515232445,0.270467078552,1.48696944864,0.935808388158,1.0,1.0,118.0,2.41435033998,6.90168711408
52,0.966007020897,2.40154322185,1.33940935802,0.256734977483,0.0369449122618,6.90168711408,3.81425415293,1.18130291885,1.02982762979,0.427314790252,0.0,0.156370315673,0.192132472949,1.00399673924,0.831950084709,0.339515232445,0.270467078552,1.48696944864,0.935808388158,1.0,1.0,118.0,2.41435033998,6.90168711408
53,0.966007020897,2.40154322185,1.33940935802,0.256734977483,0.0369449122618,6.90168711408,3.81425415293,1.18130291885,1.02982762979,0.427314790252,0.0,0.156370315673,0.192132472949,1.00399673924,0.831950084709,0.339515232445,0.270467078552,1.48696944864,0.935808388158,1.0,1.0,118.0,2.41435033998,6.90168711408
54,0.966007020897,2.40154322185,1.33940935802,0.256734977483,0.0369449122618,6.90168711408,3.81425415293,1.18130291885,1.02982762979,0.427314790252,0.0,0.156370315673,0.192132472949,1.00399673924,0.831950084709,0.339515232445,0.270467078552,1.48696944864,0.935808388158,1.0,1.0,118.0,2.41435033998,6.90168711408
55,0.966007020897,2.40154322185,1.33940935802,0.256734977483,0.0369449122618,6.90168711408,3.81425415293,1.18130291885,1.02982762979,0.427314790252,0.0,0.156370315673,0.192132472949,1.00399673924,0.831950084709,0.339515232445,0.270467078552,1.48696944864,0.935808388158,1.0,1.0,118.0,2.41435033998,6.90168711408
56,0.966007020897,2.40154322185,1.33940935802,0.256734977483,0.0369449122618,6.90168711408,3.81425415293,1.18130291885,1.02982762979,0.427314790252,0.0,0.156370315673,0.192132472949,1.00399673924,0.831950084709,0.339515232445,0.270467078552,1.48696944864,0.935808388158,1.0,1.0,118.0,2.41435033998,6.90168711408
57,0.966007020897,2.40154322185,1.33940935802,0.256734977483,0.0369449122618,6.90168711408,3.81425415293,1.18130291885,1.02982762979,0.427314790252,0.0,0.156370315673,0.192132472949,1.00399673924,0.831950084709,0.339515232445,0.270467078552,1.48696944864,0.935808388158,1.0,1.0,118.0,2.41435033998,6.90168711408
58,0.966007020897,2.40154322185,1.33940935802,0.256734977483,0.0369449122618,6.90168711408,3.81425415293,1.18130291885,1.02982762979,0.427314790252,0.0,0.156370315673,0.192132472949,1.00399673924,0.831950084709,0.339515232445,0.270467078552,1.48696944864,0.935808388158,1.0,1.0,118.0,2.41435033998,6.90168711408
59,0.966007020897,2.40154322185,1.33940935802,0.256734977483,0.0369449122618,6.90168711408,3.81425415293,1.18130291885,1.02982762979,0.427314790252,0.0,0.156370315673,0.192132472949,1.00399673924,0.831950084709,0.339515232445,0.270467078552,1.48696944864,0.935808388158,1.0,1.0,118.0,2.41435033998,6.90168711408
60,0.966007020897,2.40154322185,1.33940935802,0.256734977483,0.0369449122618,6.90168711408,3.81425415293,1.18130291885,1.02982762979,0.427314790252,0.0,0.156370315673,0.192132472949,1.00399673924,0.831950084709,0.339515232445,0.270467078552,1.48696944864,0.935808388158,1.0,1.0,118.0,2.41435033998,6.90168711408
61,1.0434538913,1.58740860797,0.994948984337,0.128367488742,0.105150904129,3.87357354752,2.2456892,1.29827317514,8.60182248789,0.213657395126,7.1352217817,0.0781851578365,0.0960662364745,0.50199836962,0.415975042355,0.169757616222,0.206137750611,0.74348472432,1.15346042767,1.0,31.0,148.0,1.9651782472,11.53775223
62,1.0434538913,1.58740860797,0.994948984337,0.128367488742,0.105150904129,3.87357354752,2.2456892,1.29827317514,8.60182248789,0.213657395126,7.1352217817,0.0781851578365,0.0960662364745,0.50199836962,0.415975042355,0.169757616222,0.206137750611,0.74348472432,1.15346042767,1.0,31.0,148.0,1.9651782472,11.53775223
63,1.0434538913,1.58740860797,0.994948984337,0.128367488742,0.105150904129,3.87357354752,2.2456892,1.29827317514,8.60182248789,0.213657395126,7.1352217817,0.0781851578365,0.0960662364745,0.50199836962,0.415975042355,0.169757616222,0.206137750611,0.74348472432,1.15346042767,1.0,31.0,148.0,1.9651782472,11.53775223
64,1.0434538913,1.58740860797,0.994948984337,0.128367488742,0.105150904129,3.87357354752,2.2456892,1.29827317514,8.60182248789,0.213657395126,7.1352217817,0.0781851578365,0.0960662364745,0.50199836962,0.415975042355,0.169757616222,0.206137750611,0.74348472432,1.15346042767,1.0,31.0,148.0,1.9651782472,11.53775223
65,1.0434538913,1.58740860797,0.994948984337,0.128367488742,0.105150904129,3.87357354752,2.2456892,1.29827317514,8.60182248789,0.213657395126,7.1352217817,0.0781851578365,0.0960662364745,0.50199836962,0.415975042355,0.169757616222,0.206137750611,0.74348472432,1.15346042767,1.0,31.0,148.0,1.9651782472,11.53775223
66,1.0434538913,1.58740860797,0.994948984337,0.128367488742,0.105150904129,3.87357354752,2.2456892,1.29827317514,8.60182248789,0.213657395126,7.1352217817,0.0781851578365,0.0960662364745,0.50199836962,0.415975042355,0.169757616222,0.206137750611,0.74348472432,1.15346042767,1.0,31.0,148.0,1.9651782472,11.53775223
67,1.0434538913,1.58740860797,0.994948984337,0.128367488742,0.105150904129,3.87357354752,2.2456892,1.29827317514,8.60182248789,0.213657395126,7.1352217817,0.0781851578365,0.0960662364745,0.50199836962,0.415975042355,0.169757616222,0.206137750611,0.74348472432,1.15346042767,1.0,31.0,148.0,1.9651782472,11.53775223
68,1.0434538913,1.58740860797,0.994948984337,0.128367488742,0.105150904129,3.87357354752,2.2456892,1.29827317514,8.60182248789,0.213657395126,7.1352217817,0.0781851578365,0.0960662364745,0.50199836962,0.415975042355,0.169757616222,0.206137750611,0.74348472432,1.15346042767,1.0,31.0,148.0,1.9651782472,11.53775223
69,1.0434538913,1.58740860797,0.994948984337,0.128367488742,0.105150904129,3.87357354752,2.2456892,1.29827317514,8.60182248789,0.213657395126,7.1352217817,0.0781851578365,0.0960662364745,0.50199836962,0.415975042355,0.169757616222,0.206137750611,0.74348472432,1.15346042767,1.0,31.0,148.0,1.9651782472,11.53775223
70,1.0434538913,1.58740860797,0.994948984337,0.128367488742,0.105150904129,3.87357354752,2.2456892,1.29827317514,8.60182248789,0.213657395126,7.1352217817,0.0781851578365,0.0960662364745,0.50199836962,0.415975042355,0.169757616222,0.206137750611,0.74348472432,1.15346042767,1.0,31.0,148.0,1.9651782472,11.53775223
71,1.0434538913,1.58740860797,0.994948984337,0.128367488742,0.105150904129,3.87357354752,2.2456892,1.29827317514,8.60182248789,0.213657395126,7.1352217817,0.0781851578365,0.0960662364745,0.50199836962,0.415975042355,0.169757616222,0.206137750611,0.74348472432,1.15346042767,1.0,31.0,148.0,1.9651782472,11.53775223
72,1.0434538913,1.58740860797,0.994948984337,0.128367488742,0.105150904129,3.87357354752,2.2456892,1.29827317514,8.60182248789,0.213657395126,7.1352217817,0.0781851578365,0.0960662364745,0.50199836962,0.415975042355,0.169757616222,0.206137750611,0.74348472432,1.15346042767,1.0,31.0,148.0,1.9651782472,11.53775223
73,1.0434538913,1.58740860797,0.994948984337,0.128367488742,0.105150904129,3.87357354752,2.2456892,1.29827317514,8.60182248789,0.213657395126,7.1352217817,0.0781851578365,0.0960662364745,0.50199836962,0.415975042355,0.169757616222,0.206137750611,0.74348472432,1.15346042767,1.0,31.0,148.0,1.9651782472,11.53775223
74,1.0434538913,1.58740860797,0.994948984337,0.128367488742,0.105150904129,3.87357354752,2.2456892,1.29827317514,8.60182248789,0.213657395126,7.1352217817,0.0781851578365,0.0960662364745,0.50199836962,0.415975042355,0.169757616222,0.206137750611,0.74348472432,1.15346042767,1.0,31.0,148.0,1.9651782472,11.53775223
75,1.0434538913,1.58740860797,0.994948984337,0.128367488742,0.105150904129,3.87357354752,2.2456892,1.29827317514,8.60182248789,0.213657395126,7.1352217817,0.0781851578365,0.0960662364745,0.50199836962,0.415975042355,0.169757616222,0.206137750611,0.74348472432,1.15346042767,1.0,31.0,148.0,1.9651782472,11.53775223
76,1.0434538913,1.58740860797,0.994948984337,0.128367488742,0.105150904129,3.87357354752,2.2456892,1.29827317514,8.60182248789,0.213657395126,7.1352217817,0.0781851578365,0.0960662364745,0.50199836962,0.415975042355,0.169757616222,0.206137750611,0.74348472432,1.15346042767,1.0,31.0,148.0,1.9651782472,11.53775223
77,1.0434538913,1.58740860797,0.994948984337,0.128367488742,0.105150904129,3.87357354752,2.2456892,1.29827317514,8.60182248789,0.213657395126,7.1352217817,0.0781851578365,0.0960662364745,0.50199836962,0.415975042355,0.169757616222,0.206137750611,0.74348472432,1.15346042767,1.0,31.0,148.0,1.9651782472,11.53775223
78,1.0434538913,1.58740860797,0.994948984337,0.128367488742,0.105150904129,3.87357354752,2.2456892,1.29827317514,8.60182248789,0.213657395126,7.1352217817,0.0781851578365,0.0960662364745,0.50199836962,0.415975042355,0.169757616222,0.206137750611,0.74348472432,1.15346042767,1.0,31.0,148.0,1.9651782472,11.53775223
79,1.0434538913,1.58740860797,0.994948984337,0.128367488742,0.105150904129,3.87357354752,2.2456892,1.29827317514,8.60182248789,0.213657395126,7.1352217817,0.0781851578365,0.0960662364745,0.50199836962,0.415975042355,0.169757616222,0.206137750611,0.74348472432,1.15346042767,1.0,31.0,148.0,1.9651782472,11.53775223
80,1.0434538913,1.58740860797,0.994948984337,0.128367488742,0.105150904129,3.87357354752,2.2456892,1.29827317514,8.60182248789,0.213657395126,7.1352217817,0.0781851578365,0.0960662364745,0.50199836962,0.415975042355,0.169757616222,0.206137750611,0.74348472432,1.15346042767,1.0,31.0,148.0,1.9651782472,11.53775223
81,1.0434538913,1.58740860797,0.994948984337,0.128367488742,0.105150904129,3.87357354752,2.2456892,1.29827317514,8.60182248789,0.213657395126,7.1352217817,0.0781851578365,0.0960662364745,0.50199836962,0.415975042355,0.169757616222,0.206137750611,0.74348472432,1.15346042767,1.0,31.0,148.0,1.9651782472,11.53775223
82,1.0434538913,1.58740860797,0.994948984337,0.128367488742,0.105150904129,3.87357354752,2.2456892,1.29827317514,8.60182248789,0.213657395126,7.1352217817,0.0781851578365,0.0960662364745,0.50199836962,0.415975042355,0.169757616222,0.206137750611,0.74348472432,1.15346042767,1.0,31.0,148.0,1.9651782472,11.53775223
83,1.0434538913,1.58740860797,0.994948984337,0.128367488742,0.105150904129,3.87357354752,2.2456892,1.29827317514,8.60182248789,0.213657395126,7.1352217817,0.0781851578365,0.0960662364745,0.50199836962,0.415975042355,0.169757616222,0.206137750611,0.74348472432,1.15346042767,1.0,31.0,148.0,1.9651782472,11.53775223
84,1.0434538913,1.58740860797,0.994948984337,0.128367488742,0.105150904129,3.87357354752,2.2456892,1.29827317514,8.60182248789,0.213657395126,7.1352217817,0.0781851578365,0.0960662364745,0.50199836962,0.415975042355,0.169757616222,0.206137750611,0.74348472432,1.15346042767,1.0,31.0,148.0,1.9651782472,11.53775223
85,1.0434538913,1.58740860797,0.994948984337,0.128367488742,0.105150904129,3.87357354752,2.2456892,1.29827317514,8.60182248789,0.213657395126,7.1352217817,0.0781851578365,0.0960662364745,0.50199836962,0.415975042355,0.169757616222,0.206137750611,0.74348472432,1.15346042767,1.0,31.0,148.0,1.9651782472,11.53775223
86,1.0434538913,1.58740860797,0.994948984337,0.128367488742,0.105150904129,3.87357354752,2.2456892,1.29827317514,8.60182248789,0.213657395126,7.1352217817,0.0781851578365,0.0960662364745,0.50199836962,0.415975042355,0.169757616222,0.206137750611,0.74348472432,1.15346042767,1.0,31.0,148.0,1.9651782472,11.53775223
87,1.0434538913,1.58740860797,0.994948984337,0.128367488742,0.105150904129,3.87357354752,2.2456892,1.29827317514,8.60182248789,0.213657395126,7.1352217817,0.0781851578365,0.0960662364745,0.50199836962,0.415975042355,0.169757616222,0.206137750611,0.74348472432,1.15346042767,1.0,31.0,148.0,1.9651782472,11.53775223
88,1.0434538913,1.58740860797,0.994948984337,0.128367488742,0.105150904129,3.87357354752,2.2456892,1.29827317514,8.60182248789,0.213657395126,7.1352217817,0.0781851578365,0.0960662364745,0.50199836962,0.415975042355,0.169757616222,0.206137750611,0.74348472432,1.15346042767,1.0,31.0,148.0,1.9651782472,11.53775223
89,1.0434538913,1.58740860797,0.994948984337,0.128367488742,0.105150904129,3.87357354752,2.2456892,1.29827317514,8.60182248789,0.213657395126,7.1352217817,0.0781851578365,0.0960662364745,0.50199836962,0.415975042355,0.169757616222,0.206137750611,0.74348472432,1.15346042767,1.0,31.0,148.0,1.9651782472,11.53775223
90,1.0434538913,1.58740860797,0.994948984337,0.128367488742,0.105150904129,3.87357354752,2.2456892,1.29827317514,8.60182248789,0.213657395126,7.1352217817,0.0781851578365,0.0960662364745,0.50199836962,0.415975042355,0.169757616222,0.206137750611,0.74348472432,1.15346042767,1.0,31.0,148.0,1.9651782472,11.53775223
91,1.0434538913,1.58740860797,0.994948984337,0.128367488742,0.105150904129,3.87357354752,2.2456892,1.29827317514,8.60182248789,0.213657395126,7.1352217817,0.0781851578365,0.0960662364745,0.50199836962,0.415975042355,0.169757616222,0.206137750611,0.74348472432,1.15346042767,1.0,31.0,148.0,1.9651782472,11.53775223
92,1.0434538913,1.58740860797,0.994948984337,0.128367488742,0.105150904129,3.87357354752,2.2456892,1.29827317514,8.60182248789,0.213657395126,7.1352217817,0.0781851578365,0.0960662364745,0.50199836962,0.415975042355,0.169757616222,0.206137750611,0.74348472432,1.15346042767,1.0,31.0,148.0,1.9651782472,11.53775223
93,1.0434538913,1.58740860797,0.994948984337,0.128367488742,0.105150904129,3.87357354752,2.2456892,1.29827317514,8.60182248789,0.213657395126,7.1352217817,0.0781851578365,0.0960662364745,0.50199836962,0.415975042355,0.169757616222,0.206137750611,0.74348472432,1.15346042767,1.0,31.0,148.0,1.9651782472,11.53775223
94,1.0434538913,1.58740860797,0.994948984337,0.128367488742,0.105150904129,3.87357354752,2.2456892,1.29827317514,8.60182248789,0.213657395126,7.1352217817,0.0781851578365,0.0960662364745,0.50199836962,0.415975042355,0.169757616222,0.206137750611,0.74348472432,1.15346042767,1.0,31.0,148.0,1.9651782472,11.53775223
95,1.0434538913,1.58740860797,0.994948984337,0.128367488742,0.105150904129,3.87357354752,2.2456892,1.29827317514,8.60182248789,0.213657395126,7.1352217817,0.0781851578365,0.0960662364745,0.50199836962,0.415975042355,0.169757616222,0.206137750611,0.74348472432,1.15346042767,1.0,31.0,148.0,1.9651782472,11.53775223
96,1.0434538913,1.58740860797,0.994948984337,0.128367488742,0.105150904129,3.87357354752,2.2456892,1.29827317514,8.60182248789,0.213657395126,7.1352217817,0.0781851578365,0.0960662364745,0.50199836962,0.415975042355,0.169757616222,0.206137750611,0.74348472432,1.15346042767,1.0,31.0,148.0,1.9651782472,11.53775223
97,1.0434538913,1.58740860797,0.994948984337,0.128367488742,0.105150904129,3.87357354752,2.2456892,1.29827317514,8.60182248789,0.213657395126,7.1352217817,0.0781851578365,0.0960662364745,0.50199836962,0.415975042355,0.169757616222,0.206137750611,0.74348472432,1.15346042767,1.0,31.0,148.0,1.9651782472,11.53775223
98,1.0434538913,1.58740860797,0.994948984337,0.128367488742,0.105150904129,3.87357354752,2.2456892,1.29827317514,8.60182248789,0.213657395126,7.1352217817,0.0781851578365,0.0960662364745,0.50199836962,0.415975042355,0.169757616222,0.206137750611,0.74348472432,1.15346042767,1.0,31.0,148.0,1.9651782472,11.53775223
99,1.0434538913,1.58740860797,0.994948984337,0.128367488742,0.105150904129,3.87357354752,2.2456892,1.29827317514,8.60182248789,0.213657395126,7.1352217817,0.0781851578365,0.0960662364745,0.50199836962,0.415975042355,0.169757616222,0.206137750611,0.74348472432,1.15346042767,1.0,31.0,148.0,1.9651782472,11.53775223
100,1.0434538913,1.58740860797,0.994948984337,0.128367488742,0.105150904129,3.87357354752,2.2456892,1.29827317514,8.60182248789,0.213657395126,7.1352217817,0.0781851578365,0.0960662364745,0.50199836962,0.415975042355,0.169757616222,0.206137750611,0.74348472432,1.15346042767,1.0,31.0,148.0,1.9651782472,11.53775223
101,1.0434538913,1.58740860797,0.994948984337,0.128367488742,0.105150904129,3.87357354752,2.2456892,1.29827317514,8.60182248789,0.213657395126,7.1352217817,0.0781851578365,0.0960662364745,0.50199836962,0.415975042355,0.169757616222,0.206137750611,0.74348472432,1.15346042767,1.0,31.0,148.0,1.9651782472,11.53775223
102,1.0434538913,1.58740860797,0.994948984337,0.128367488742,0.105150904129,3.87357354752,2.2456892,1.29827317514,8.60182248789,0.213657395126,7.1352217817,0.0781851578365,0.0960662364745,0.50199836962,0.415975042355,0.169757616222,0.206137750611,0.74348472432,1.15346042767,1.0,31.0,148.0,1.9651782472,11.53775223
103,1.0434538913,1.58740860797,0.994948984337,0.128367488742,0.105150904129,3.87357354752,2.2456892,1.29827317514,8.60182248789,0.213657395126,7.1352217817,0.0781851578365,0.0960662364745,0.50199836962,0.415975042355,0.169757616222,0.206137750611,0.74348472432,1.15346042767,1.0,31.0,148.0,1.9651782472,11.53775223
104,1.0434538913,1.58740860797,0.994948984337,0.128367488742,0.105150904129,3.87357354752,2.2456892,1.29827317514,8.60182248789,0.213657395126,7.1352217817,0.0781851578365,0.0960662364745,0.50199836962,0.415975042355,0.169757616222,0.206137750611,0.74348472432,1.15346042767,1.0,31.0,148.0,1.9651782472,11.53775223
105,1.0434538913,1.58740860797,0.994948984337,0.128367488742,0.105150904129,3.87357354752,2.2456892,1.29827317514,8.60182248789,0.213657395126,7.1352217817,0.0781851578365,0.0960662364745,0.50199836962,0.415975042355,0.169757616222,0.206137750611,0.74348472432,1.15346042767,1.0,31.0,148.0,1.9651782472,11.53775223
106,1.0434538913,1.58740860797,0.994948984337,0.128367488742,0.105150904129,3.87357354752,2.2456892,1.29827317514,8.60182248789,0.213657395126,7.1352217817,0.0781851578365,0.0960662364745,0.50199836962,0.415975042355,0.169757616222,0.206137750611,0.74348472432,1.15346042767,1.0,31.0,148.0,1.9651782472,11.53775223
107,1.0434538913,1.58740860797,0.994948984337,0.128367488742,0.105150904129,3.87357354752,2.2456892,1.29827317514,8.60182248789,0.213657395126,7.1352217817,0.0781851578365,0.0960662364745,0.50199836962,0.415975042355,0.169757616222,0.206137750611,0.74348472432,1.15346042767,1.0,31.0,148.0,1.9651782472,11.53775223
108,1.0434538913,1.58740860797,0.994948984337,0.128367488742,0.105150904129,3.87357354752,2.2456892,1.29827317514,8.60182248789,0.213657395126,7.1352217817,0.0781851578365,0.0960662364745,0.50199836962,0.415975042355,0.169757616222,0.206137750611,0.74348472432,1.15346042767,1.0,31.0,148.0,1.9651782472,11.53775223
109,1.0434538913,1.58740860797,0.994948984337,0.128367488742,0.105150904129,3.87357354752,2.2456892,1.29827317514,8.60182248789,0.213657395126,7.1352217817,0.0781851578365,0.0960662364745,0.50199836962,0.415975042355,0.169757616222,0.206137750611,0.74348472432,1.15346042767,1.0,31.0,148.0,1.9651782472,11.53775223
110,1.0434538913,1.58740860797,0.994948984337,0.128367488742,0.105150904129,3.87357354752,2.2456892,1.29827317514,8.60182248789,0.213657395126,7.1352217817,0.0781851578365,0.0960662364745,0.50199836962,0.415975042355,0.169757616222,0.206137750611,0.74348472432,1.15346042767,1.0,31.0,148.0,1.9651782472,11.53775223
111,1.0434538913,1.58740860797,0.994948984337,0.128367488742,0.105150904129,3.87357354752,2.2456892,1.29827317514,8.60182248789,0.213657395126,7.1352217817,0.0781851578365,0.0960662364745,0.50199836962,0.415975042355,0.169757616222,0.206137750611,0.74348472432,1.15346042767,1.0,31.0,148.0,1.9651782472,11.53775223
112,1.0434538913,1.58740860797,0.994948984337,0.128367488742,0.105150904129,3.87357354752,2.2456892,1.29827317514,8.60182248789,0.213657395126,7.1352217817,0.0781851578365,0.0960662364745,0.50199836962,0.415975042355,0.169757616222,0.206137750611,0.74348472432,1.15346042767,1.0,31.0,148.0,1.9651782472,11.53775223
113,1.0434538913,1.58740860797,0.994948984337,0.128367488742,0.105150904129,3.87357354752,2.2456892,1.29827317514,8.60182248789,0.213657395126,7.1352217817,0.0781851578365,0.0960662364745,0.50199836962,0.415975042355,0.169757616222,0.206137750611,0.74348472432,1.15346042767,1.0,31.0,148.0,1.9651782472,11.53775223
114,1.0434538913,1.58740860797,0.994948984337,0.128367488742,0.105150904129,3.87357354752,2.2456892,1.29827317514,8.60182248789,0.213657395126,7.1352217817,0.0781851578365,0.0960662364745,0.50199836962,0.415975042355,0.169757616222,0.206137750611,0.74348472432,1.15346042767,1.0,31.0,148.0,1.9651782472,11.53775223
115,1.0434538913,1.58740860797,0.994948984337,0.128367488742,0.105150904129,3.87357354752,2.2456892,1.29827317514,8.60182248789,0.213657395126,7.1352217817,0.0781851578365,0.0960662364745,0.50199836962,0.415975042355,0.169757616222,0.206137750611,0.74348472432,1.15346042767,1.0,31.0,148.0,1.9651782472,11.53775223
116,1.0434538913,1.58740860797,0.994948984337,0.128367488742,0.105150904129,3.87357354752,2.2456892,1.29827317514,8.60182248789,0.213657395126,7.1352217817,0.0781851578365,0.0960662364745,0.50199836962,0.415975042355,0.169757616222,0.206137750611,0.74348472432,1.15346042767,1.0,31.0,148.0,1.9651782472,11.53775223
117,1.0434538913,1.58740860797,0.994948984337,0.128367488742,0.105150904129,3.87357354752,2.2456892,1.29827317514,8.60182248789,0.213657395126,7.1352217817,0.0781851578365,0.0960662364745,0.50199836962,0.415975042355,0.169757616222,0.206137750611,0.74348472432,1.15346042767,1.0,31.0,148.0,1.9651782472,11.53775223
118,1.0434538913,1.58740860797,0.994948984337,0.128367488742,0.105150904129,3.87357354752,2.2456892,1.29827317514,8.60182248789,0.213657395126,7.1352217817,0.0781851578365,0.0960662364745,0.50199836962,0.415975042355,0.169757616222,0.206137750611,0.74348472432,1.15346042767,1.0,31.0,148.0,1.9651782472,11.53775223
119,1.12090076171,0.773273994094,0.650488610653,0.0,0.173356895997,0.84545998096,0.677124247065,1.41524343142,16.173817346,0.0,14.2704435634,0.0,0.0,0.0,0.0,0.0,0.14180842267,0.0,1.37111246719,1.0,61.0,178.0,1.51600615443,16.173817346
120,1.12090076171,0.773273994094,0.650488610653,0.0,0.173356895997,0.84545998096,0.677124247065,1.41524343142,16.173817346,0.0,14.2704435634,0.0,0.0,0.0,0.0,0.0,0.14180842267,0.0,1.37111246719,1.0,61.0,178.0,1.51600615443,16.173817346
121,1.12090076171,0.773273994094,0.650488610653,0.0,0.173356895997,0.84545998096,0.677124247065,1.41524343142,16.173817346,0.0,14.2704435634,0.0,0.0,0.0,0.0,0.0,0.14180842267,0.0,1.37111246719,1.0,61.0,178.0,1.51600615443,16.173817346
122,1.12090076171,0.773273994094,0.650488610653,0.0,0.173356895997,0.84545998096,0.677124247065,1.41524343142,16.173817346,0.0,14.2704435634,0.0,0.0,0.0,0.0,0.0,0.14180842267,0.0,1.37111246719,1.0,61.0,178.0,1.51600615443,16.173817346
123,1.12090076171,0.773273994094,0.650488610653,0.0,0.173356895997,0.84545998096,0.677124247065,1.41524343142,16.173817346,0.0,14.2704435634,0.0,0.0,0.0,0.0,0.0,0.14180842267,0.0,1.37111246719,1.0,61.0,178.0,1.51600615443,16.173817346
124,1.12090076171,0.773273994094,0.650488610653,0.0,0.173356895997,0.84545998096,0.677124247065,1.41524343142,16.173817346,0.0,14.2704435634,0.0,0.0,0.0,0.0,0.0,0.14180842267,0.0,1.37111246719,1.0,61.0,178.0,1.51600615443,16.173817346
125,1.12090076171,0.773273994094,0.650488610653,0.0,0.173356895997,0.84545998096,0.677124247065,1.41524343142,16.173817346,0.0,14.2704435634,0.0,0.0,0.0,0.0,0.0,0.14180842267,0.0,1.37111246719,1.0,61.0,178.0,1.51600615443,16.173817346
126,1.12090076171,0.773273994094,0.650488610653,0.0,0.173356895997,0.84545998096,0.677124247065,1.41524343142,16.173817346,0.0,14.2704435634,0.0,0.0,0.0,0.0,0.0,0.14180842267,0.0,1.37111246719,1.0,61.0,178.0,1.51600615443,16.173817346
127,1.12090076171,0.773273994094,0.650488610653,0.0,0.173356895997,0.84545998096,0.677124247065,1.41524343142,16.173817346,0.0,14.2704435634,0.0,0.0,0.0,0.0,0.0,0.14180842267,0.0,1.37111246719,1.0,61.0,178.0,1.51600615443,16.173817346
128,1.12090076171,0.773273994094,0.650488610653,0.0,0.173356895997,0.84545998096,0.677124247065,1.41524343142,16.173817346,0.0,14.2704435634,0.0,0.0,0.0,0.0,0.0,0.14180842267,0.0,1.37111246719,1.0,61.0,178.0,1.51600615443,16.173817346
129,1.12090076171,0.773273994094,0.650488610653,0.0,0.173356895997,0.84545998096,0.677124247065,1.41524343142,16.173817346,0.0,14.2704435634,0.0,0.0,0.0,0.0,0.0,0.14180842267,0.0,1.37111246719,1.0,61.0,178.0,1.51600615443,16.173817346
130,1.12090076171,0.773273994094,0.650488610653,0.0,0.173356895997,0.84545998096,0.677124247065,1.41524343142,16.173817346,0.0,14.2704435634,0.0,0.0,0.0,0.0,0.0,0.14180842267,0.0,1.37111246719,1.0,61.0,178.0,1.51600615443,16.173817346
131,1.12090076171,0.773273994094,0.650488610653,0.0,0.173356895997,0.84545998096,0.677124247065,1.41524343142,16.173817346,0.0,14.2704435634,0.0,0.0,0.0,0.0,0.0,0.14180842267,0.0,1.37111246719,1.0,61.0,178.0,1.51600615443,16.173817346
132,1.12090076171,0.773273994094,0.650488610653,0.0,0.173356895997,0.84545998096,0.677124247065,1.41524343142,16.173817346,0.0,14.2704435634,0.0,0.0,0.0,0.0,0.0,0.14180842267,0.0,1.37111246719,1.0,61.0,178.0,1.51600615443,16.173817346
133,1.12090076171,0.773273994094,0.650488610653,0.0,0.173356895997,0.84545998096,0.677124247065,1.41524343142,16.173817346,0.0,14.2704435634,0.0,0.0,0.0,0.0,0.0,0.14180842267,0.0,1.37111246719,1.0,61.0,178.0,1.51600615443,16.173817346
134,1.12090076171,0.773273994094,0.650488610653,0.0,0.173356895997,0.84545998096,0.677124247065,1.41524343142,16.173817346,0.0,14.2704435634,0.0,0.0,0.0,0.0,0.0,0.14180842267,0.0,1.37111246719,1.0,61.0,178.0,1.51600615443,16.173817346
135,1.12090076171,0.773273994094,0.650488610653,0.0,0.173356895997,0.84545998096,0.677124247065,1.41524343142,16.173817346,0.0,14.2704435634,0.0,0.0,0.0,0.0,0.0,0.14180842267,0.0,1.37111246719,1.0,61.0,178.0,1.51600615443,16.173817346
136,1.12090076171,0.773273994094,0.650488610653,0.0,0.173356895997,0.84545998096,0.677124247065,1.41524343142,16.173817346,0.0,14.2704435634,0.0,0.0,0.0,0.0,0.0,0.14180842267,0.0,1.37111246719,1.0,61.0,178.0,1.51600615443,16.173817346
137,1.12090076171,0.773273994094,0.650488610653,0.0,0.173356895997,0.84545998096,0.677124247065,1.41524343142,16.173817346,0.0,14.2704435634,0.0,0.0,0.0,0.0,0.0,0.14180842267,0.0,1.37111246719,1.0,61.0,178.0,1.51600615443,16.173817346
138,1.12090076171,0.773273994094,0.650488610653,0.0,0.173356895997,0.84545998096,0.677124247065,1.41524343142,16.173817346,0.0,14.2704435634,0.0,0.0,0.0,0.0,0.0,0.14180842267,0.0,1.37111246719,1.0,61.0,178.0,1.51600615443,16.173817346
139,1.12090076171,0.773273994094,0.650488610653,0.0,0.173356895997,0.84545998096,0.677124247065,1.41524343142,16.173817346,0.0,14.2704435634,0.0,0.0,0.0,0.0,0.0,0.14180842267,0.0,1.37111246719,1.0,61.0,178.0,1.51600615443,16.173817346
140,1.12090076171,0.773273994094,0.650488610653,0.0,0.173356895997,0.84545998096,0.677124247065,1.41524343142,16.173817346,0.0,14.2704435634,0.0,0.0,0.0,0.0,0.0,0.14180842267,0.0,1.37111246719,1.0,61.0,178.0,1.51600615443,16.173817346
141,1.12090076171,0.773273994094,0.650488610653,0.0,0.173356895997,0.84545998096,0.677124247065,1.41524343142,16.173817346,0.0,14.2704435634,0.0,0.0,0.0,0.0,0.0,0.14180842267,0.0,1.37111246719,1.0,61.0,178.0,1.51600615443,16.173817346
142,1.12090076171,0.773273994094,0.650488610653,0.0,0.173356895997,0.84545998096,0.677124247065,1.41524343142,16.173817346,0.0,14.2704435634,0.0,0.0,0.0,0.0,0.0,0.14180842267,0.0,1.37111246719,1.0,61.0,178.0,1.51600615443,16.173817346
143,1.12090076171,0.773273994094,0.650488610653,0.0,0.173356895997,0.84545998096,0.677124247065,1.41524343142,16.173817346,0.0,14.2704435634,0.0,0.0,0.0,0.0,0.0,0.14180842267,0.0,1.37111246719,1.0,61.0,178.0,1.51600615443,16.173817346
144,1.12090076171,0.773273994094,0.650488610653,0.0,0.173356895997,0.84545998096,0.677124247065,1.41524343142,16.173817346,0.0,14.2704435634,0.0,0.0,0.0,0.0,0.0,0.14180842267,0.0,1.37111246719,1.0,61.0,178.0,1.51600615443,16.173817346
145,1.12090076171,0.773273994094,0.650488610653,0.0,0.173356895997,0.84545998096,0.677124247065,1.41524343142,16.173817346,0.0,14.2704435634,0.0,0.0,0.0,0.0,0.0,0.14180842267,0.0,1.37111246719,1.0,61.0,178.0,1.51600615443,16.173817346
146,1.12090076171,0.773273994094,0.650488610653,0.0,0.173356895997,0.84545998096,0.677124247065,1.41524343142,16.173817346,0.0,14.2704435634,0.0,0.0,0.0,0.0,0.0,0.14180842267,0.0,1.37111246719,1.0,61.0,178.0,1.51600615443,16.173817346
147,1.12090076171,0.773273994094,0.650488610653,0.0,0.173356895997,0.84545998096,0.677124247065,1.41524343142,16.173817346,0.0,14.2704435634,0.0,0.0,0.0,0.0,0.0,0.14180842267,0.0,1.37111246719,1.0,61.0,178.0,1.51600615443,16.173817346
148,1.12090076171,0.773273994094,0.650488610653,0.0,0.173356895997,0.84545998096,0.677124247065,1.41524343142,16.173817346,0.0,14.2704435634,0.0,0.0,0.0,0.0,0.0,0.14180842267,0.0,1.37111246719,1.0,61.0,178.0,1.51600615443,16.173817346
149,1.12090076171,0.773273994094,0.650488610653,0.0,0.173356895997,0.84545998096,0.677124247065,1.41524343142,16.173817346,0.0,14.2704435634,0.0,0.0,0.0,0.0,0.0,0.14180842267,0.0,1.37111246719,1.0,61.0,178.0,1.51600615443,16.173817346
150,1.12090076171,0.773273994094,0.650488610653,0.0,0.173356895997,0.84545998096,0.677124247065,1.41524343142,16.173817346,0.0,14.2704435634,0.0,0.0,0.0,0.0,0.0,0.14180842267,0.0,1.37111246719,1.0,61.0,178.0,1.51600615443,16.173817346
151,1.12090076171,0.773273994094,0.650488610653,0.0,0.173356895997,0.84545998096,0.677124247065,1.41524343142,16.173817346,0.0,14.2704435634,0.0,0.0,0.0,0.0,0.0,0.14180842267,0.0,1.37111246719,1.0,61.0,178.0,1.51600615443,16.173817346
152,1.12090076171,0.773273994094,0.650488610653,0.0,0.173356895997,0.84545998096,0.677124247065,1.41524343142,16.173817346,0.0,14.2704435634,0.0,0.0,0.0,0.0,0.0,0.14180842267,0.0,1.37111246719,1.0,61.0,178.0,1.51600615443,16.173817346
153,1.12090076171,0.773273994094,0.650488610653,0.0,0.173356895997,0.84545998096,0.677124247065,1.41524343142,16.173817346,0.0,14.2704435634,0.0,0.0,0.0,0.0,0.0,0.14180842267,0.0,1.37111246719,1.0,61.0,178.0,1.51600615443,16.173817346
154,1.12090076171,0.773273994094,0.650488610653,0.0,0.173356895997,0.84545998096,0.677124247065,1.41524343142,16.173817346,0.0,14.2704435634,0.0,0.0,0.0,0.0,0.0,0.14180842267,0.0,1.37111246719,1.0,61.0,178.0,1.51600615443,16.173817346
155,1.12090076171,0.773273994094,0.650488610653,0.0,0.173356895997,0.84545998096,0.677124247065,1.41524343142,16.173817346,0.0,14.2704435634,0.0,0.0,0.0,0.0,0.0,0.14180842267,0.0,1.37111246719,1.0,61.0,178.0,1.51600615443,16.173817346
156,1.12090076171,0.773273994094,0.650488610653,0.0,0.173356895997,0.84545998096,0.677124247065,1.41524343142,16.173817346,0.0,14.2704435634,0.0,0.0,0.0,0.0,0.0,0.14180842267,0.0,1.37111246719,1.0,61.0,178.0,1.51600615443,16.173817346
157,1.12090076171,0.773273994094,0.650488610653,0.0,0.173356895997,0.84545998096,0.677124247065,1.41524343142,16.173817346,0.0,14.2704435634,0.0,0.0,0.0,0.0,0.0,0.14180842267,0.0,1.37111246719,1.0,61.0,178.0,1.51600615443,16.173817346
158,1.12090076171,0.773273994094,0.650488610653,0.0,0.173356895997,0.84545998096,0.677124247065,1.41524343142,16.173817346,0.0,14.2704435634,0.0,0.0,0.0,0.0,0.0,0.14180842267,0.0,1.37111246719,1.0,61.0,178.0,1.51600615443,16.173817346
159,1.12090076171,0.773273994094,0.650488610653,0.0,0.173356895997,0.84545998096,0.677124247065,1.41524343142,16.173817346,0.0,14.2704435634,0.0,0.0,0.0,0.0,0.0,0.14180842267,0.0,1.37111246719,1.0,61.0,178.0,1.51600615443,16.173817346
160,1.12090076171,0.773273994094,0.650488610653,0.0,0.173356895997,0.84545998096,0.677124247065,1.41524343142,16.173817346,0.0,14.2704435634,0.0,0.0,0.0,0.0,0.0,0.14180842267,0.0,1.37111246719,1.0,61.0,178.0,1.51600615443,16.173817346
161,1.12090076171,0.773273994094,0.650488610653,0.0,0.173356895997,0.84545998096,0.677124247065,1.41524343142,16.173817346,0.0,14.2704435634,0.0,0.0,0.0,0.0,0.0,0.14180842267,0.0,1.37111246719,1.0,61.0,178.0,1.51600615443,16.173817346
162,1.12090076171,0.773273994094,0.650488610653,0.0,0.173356895997,0.84545998096,0.677124247065,1.41524343142,16.173817346,0.0,14.2704435634,0.0,0.0,0.0,0.0,0.0,0.14180842267,0.0,1.37111246719,1.0,61.0,178.0,1.51600615443,16.173817346
163,1.12090076171,0.773273994094,0.650488610653,0.0,0.173356895997,0.84545998096,0.677124247065,1.41524343142,16.173817346,0.0,14.2704435634,0.0,0.0,0.0,0.0,0.0,0.14180842267,0.0,1.37111246719,1.0,61.0,178.0,1.51600615443,16.173817346
164,1.12090076171,0.773273994094,0.650488610653,0.0,0.173356895997,0.84545998096,0.677124247065,1.41524343142,16.173817346,0.0,14.2704435634,0.0,0.0,0.0,0.0,0.0,0.14180842267,0.0,1.37111246719,1.0,61.0,178.0,1.51600615443,16.173817346
165,1.12090076171,0.773273994094,0.650488610653,0.0,0.173356895997,0.84545998096,0.677124247065,1.41524343142,16.173817346,0.0,14.2704435634,0.0,0.0,0.0,0.0,0.0,0.14180842267,0.0,1.37111246719,1.0,61.0,178.0,1.51600615443,16.173817346
166,1.12090076171,0.773273994094,0.650488610653,0.0,0.173356895997,0.84545998096,0.677124247065,1.41524343142,16.173817346,0.0,14.2704435634,0.0,0.0,0.0,0.0,0.0,0.14180842267,0.0,1.37111246719,1.0,61.0,178.0,1.51600615443,16.173817346
167,1.12090076171,0.773273994094,0.650488610653,0.0,0.173356895997,0.84545998096,0.677124247065,1.41524343142,16.173817346,0.0,14.2704435634,0.0,0.0,0.0,0.0,0.0,0.14180842267,0.0,1.37111246719,1.0,61.0,178.0,1.51600615443,16.173817346
168,1.12090076171,0.773273994094,0.650488610653,0.0,0.173356895997,0.84545998096,0.677124247065,1.41524343142,16.173817346,0.0,14.2704435634,0.0,0.0,0.0,0.0,0.0,0.14180842267,0.0,1.37111246719,1.0,61.0,178.0,1.51600615443,16.173817346
169,1.12090076171,0.773273994094,0.650488610653,0.0,0.173356895997,0.84545998096,0.677124247065,1.41524343142,16.173817346,0.0,14.2704435634,0.0,0.0,0.0,0.0,0.0,0.14180842267,0.0,1.37111246719,1.0,61.0,178.0,1.51600615443,16.173817346
170,1.12090076171,0.773273994094,0.650488610653,0.0,0.173356895997,0.84545998096,0.677124247065,1.41524343142,16.173817346,0.0,14.2704435634,0.0,0.0,0.0,0.0,0.0,0.14180842267,0.0,1.37111246719,1.0,61.0,178.0,1.51600615443,16.173817346
171,1.12090076171,0.773273994094,0.650488610653,0.0,0.173356895997,0.84545998096,0.677124247065,1.41524343142,16.173817346,0.0,14.2704435634,0.0,0.0,0.0,0.0,0.0,0.14180842267,0.0,1.37111246719,1.0,61.0,178.0,1.51600615443,16.173817346
172,1.12090076171,0.773273994094,0.650488610653,0.0,0.173356895997,0.84545998096,0.677124247065,1.41524343142,16.173817346,0.0,14.2704435634,0.0,0.0,0.0,0.0,0.0,0.14180842267,0.0,1.37111246719,1.0,61.0,178.0,1.51600615443,16.173817346
173,1.12090076171,0.773273994094,0.650488610653,0.0,0.173356895997,0.84545998096,0.677124247065,1.41524343142,16.173817346,0.0,14.2704435634,0.0,0.0,0.0,0.0,0.0,0.14180842267,0.0,1.37111246719,1.0,61.0,178.0,1.51600615443,16.173817346
174,1.12090076171,0.773273994094,0.650488610653,0.0,0.173356895997,0.84545998096,0.677124247065,1.41524343142,16.173817346,0.0,14.2704435634,0.0,0.0,0.0,0.0,0.0,0.14180842267,0.0,1.37111246719,1.0,61.0,178.0,1.51600615443,16.173817346
175,1.12090076171,0.773273994094,0.650488610653,0.0,0.173356895997,0.84545998096,0.677124247065,1.41524343142,16.173817346,0.0,14.2704435634,0.0,0.0,0.0,0.0,0.0,0.14180842267,0.0,1.37111246719,1.0,61.0,178.0,1.51600615443,16.173817346
176,1.12090076171,0.773273994094,0.650488610653,0.0,0.173356895997,0.84545998096,0.677124247065,1.41524343142,16.173817346,0.0,14.2704435634,0.0,0.0,0.0,0.0,0.0,0.14180842267,0.0,1.37111246719,1.0,61.0,178.0,1.51600615443,16.173817346
177,1.12090076171,0.773273994094,0.650488610653,0.0,0.173356895997,0.84545998096,0.677124247065,1.41524343142,16.173817346,0.0,14.2704435634,0.0,0.0,0.0,0.0,0.0,0.14180842267,0.0,1.37111246719,1.0,61.0,178.0,1.51600615443,16.173817346
