,DENV1_30dpi,EVU,DENV3_30dpi,DENV4_30dpi,H,A,C,B,E,D,G,F,I,DENV2_30dpi,K,M,L,O,N,Q,P,R,U,T,start,end
1,0.155788472401,32.5187305805,0.296359248622,0.232765178018,181.926677868,7.74351856241,91.7167851166,409.76640402,1.13913116407,112.512120141,82.3286522973,400.481040523,399.886072703,0.266226238614,68.3579206655,196.517069403,122.243499547,219.847496349,106.824676257,74.0492143856,40.7450221792,228.760003054,71.6157448805,72.3276521563,1.0,118.0
2,0.155788472401,32.5187305805,0.296359248622,0.232765178018,181.926677868,7.74351856241,91.7167851166,409.76640402,1.13913116407,112.512120141,82.3286522973,400.481040523,399.886072703,0.266226238614,68.3579206655,196.517069403,122.243499547,219.847496349,106.824676257,74.0492143856,40.7450221792,228.760003054,71.6157448805,72.3276521563,1.0,118.0
3,0.155788472401,32.5187305805,0.296359248622,0.232765178018,181.926677868,7.74351856241,91.7167851166,409.76640402,1.13913116407,112.512120141,82.3286522973,400.481040523,399.886072703,0.266226238614,68.3579206655,196.517069403,122.243499547,219.847496349,106.824676257,74.0492143856,40.7450221792,228.760003054,71.6157448805,72.3276521563,1.0,118.0
4,0.155788472401,32.5187305805,0.296359248622,0.232765178018,181.926677868,7.74351856241,91.7167851166,409.76640402,1.13913116407,112.512120141,82.3286522973,400.481040523,399.886072703,0.266226238614,68.3579206655,196.517069403,122.243499547,219.847496349,106.824676257,74.0492143856,40.7450221792,228.760003054,71.6157448805,72.3276521563,1.0,118.0
5,0.155788472401,32.5187305805,0.296359248622,0.232765178018,181.926677868,7.74351856241,91.7167851166,409.76640402,1.13913116407,112.512120141,82.3286522973,400.481040523,399.886072703,0.266226238614,68.3579206655,196.517069403,122.243499547,219.847496349,106.824676257,74.0492143856,40.7450221792,228.760003054,71.6157448805,72.3276521563,1.0,118.0
6,0.155788472401,32.5187305805,0.296359248622,0.232765178018,181.926677868,7.74351856241,91.7167851166,409.76640402,1.13913116407,112.512120141,82.3286522973,400.481040523,399.886072703,0.266226238614,68.3579206655,196.517069403,122.243499547,219.847496349,106.824676257,74.0492143856,40.7450221792,228.760003054,71.6157448805,72.3276521563,1.0,118.0
7,0.155788472401,32.5187305805,0.296359248622,0.232765178018,181.926677868,7.74351856241,91.7167851166,409.76640402,1.13913116407,112.512120141,82.3286522973,400.481040523,399.886072703,0.266226238614,68.3579206655,196.517069403,122.243499547,219.847496349,106.824676257,74.0492143856,40.7450221792,228.760003054,71.6157448805,72.3276521563,1.0,118.0
8,0.155788472401,32.5187305805,0.296359248622,0.232765178018,181.926677868,7.74351856241,91.7167851166,409.76640402,1.13913116407,112.512120141,82.3286522973,400.481040523,399.886072703,0.266226238614,68.3579206655,196.517069403,122.243499547,219.847496349,106.824676257,74.0492143856,40.7450221792,228.760003054,71.6157448805,72.3276521563,1.0,118.0
9,0.155788472401,32.5187305805,0.296359248622,0.232765178018,181.926677868,7.74351856241,91.7167851166,409.76640402,1.13913116407,112.512120141,82.3286522973,400.481040523,399.886072703,0.266226238614,68.3579206655,196.517069403,122.243499547,219.847496349,106.824676257,74.0492143856,40.7450221792,228.760003054,71.6157448805,72.3276521563,1.0,118.0
10,0.155788472401,32.5187305805,0.296359248622,0.232765178018,181.926677868,7.74351856241,91.7167851166,409.76640402,1.13913116407,112.512120141,82.3286522973,400.481040523,399.886072703,0.266226238614,68.3579206655,196.517069403,122.243499547,219.847496349,106.824676257,74.0492143856,40.7450221792,228.760003054,71.6157448805,72.3276521563,1.0,118.0
11,0.155788472401,32.5187305805,0.296359248622,0.232765178018,181.926677868,7.74351856241,91.7167851166,409.76640402,1.13913116407,112.512120141,82.3286522973,400.481040523,399.886072703,0.266226238614,68.3579206655,196.517069403,122.243499547,219.847496349,106.824676257,74.0492143856,40.7450221792,228.760003054,71.6157448805,72.3276521563,1.0,118.0
12,0.155788472401,32.5187305805,0.296359248622,0.232765178018,181.926677868,7.74351856241,91.7167851166,409.76640402,1.13913116407,112.512120141,82.3286522973,400.481040523,399.886072703,0.266226238614,68.3579206655,196.517069403,122.243499547,219.847496349,106.824676257,74.0492143856,40.7450221792,228.760003054,71.6157448805,72.3276521563,1.0,118.0
13,0.155788472401,32.5187305805,0.296359248622,0.232765178018,181.926677868,7.74351856241,91.7167851166,409.76640402,1.13913116407,112.512120141,82.3286522973,400.481040523,399.886072703,0.266226238614,68.3579206655,196.517069403,122.243499547,219.847496349,106.824676257,74.0492143856,40.7450221792,228.760003054,71.6157448805,72.3276521563,1.0,118.0
14,0.155788472401,32.5187305805,0.296359248622,0.232765178018,181.926677868,7.74351856241,91.7167851166,409.76640402,1.13913116407,112.512120141,82.3286522973,400.481040523,399.886072703,0.266226238614,68.3579206655,196.517069403,122.243499547,219.847496349,106.824676257,74.0492143856,40.7450221792,228.760003054,71.6157448805,72.3276521563,1.0,118.0
15,0.155788472401,32.5187305805,0.296359248622,0.232765178018,181.926677868,7.74351856241,91.7167851166,409.76640402,1.13913116407,112.512120141,82.3286522973,400.481040523,399.886072703,0.266226238614,68.3579206655,196.517069403,122.243499547,219.847496349,106.824676257,74.0492143856,40.7450221792,228.760003054,71.6157448805,72.3276521563,1.0,118.0
16,0.155788472401,32.5187305805,0.296359248622,0.232765178018,181.926677868,7.74351856241,91.7167851166,409.76640402,1.13913116407,112.512120141,82.3286522973,400.481040523,399.886072703,0.266226238614,68.3579206655,196.517069403,122.243499547,219.847496349,106.824676257,74.0492143856,40.7450221792,228.760003054,71.6157448805,72.3276521563,1.0,118.0
17,0.155788472401,32.5187305805,0.296359248622,0.232765178018,181.926677868,7.74351856241,91.7167851166,409.76640402,1.13913116407,112.512120141,82.3286522973,400.481040523,399.886072703,0.266226238614,68.3579206655,196.517069403,122.243499547,219.847496349,106.824676257,74.0492143856,40.7450221792,228.760003054,71.6157448805,72.3276521563,1.0,118.0
18,0.155788472401,32.5187305805,0.296359248622,0.232765178018,181.926677868,7.74351856241,91.7167851166,409.76640402,1.13913116407,112.512120141,82.3286522973,400.481040523,399.886072703,0.266226238614,68.3579206655,196.517069403,122.243499547,219.847496349,106.824676257,74.0492143856,40.7450221792,228.760003054,71.6157448805,72.3276521563,1.0,118.0
19,0.155788472401,32.5187305805,0.296359248622,0.232765178018,181.926677868,7.74351856241,91.7167851166,409.76640402,1.13913116407,112.512120141,82.3286522973,400.481040523,399.886072703,0.266226238614,68.3579206655,196.517069403,122.243499547,219.847496349,106.824676257,74.0492143856,40.7450221792,228.760003054,71.6157448805,72.3276521563,1.0,118.0
20,0.155788472401,32.5187305805,0.296359248622,0.232765178018,181.926677868,7.74351856241,91.7167851166,409.76640402,1.13913116407,112.512120141,82.3286522973,400.481040523,399.886072703,0.266226238614,68.3579206655,196.517069403,122.243499547,219.847496349,106.824676257,74.0492143856,40.7450221792,228.760003054,71.6157448805,72.3276521563,1.0,118.0
21,0.155788472401,32.5187305805,0.296359248622,0.232765178018,181.926677868,7.74351856241,91.7167851166,409.76640402,1.13913116407,112.512120141,82.3286522973,400.481040523,399.886072703,0.266226238614,68.3579206655,196.517069403,122.243499547,219.847496349,106.824676257,74.0492143856,40.7450221792,228.760003054,71.6157448805,72.3276521563,1.0,118.0
22,0.155788472401,32.5187305805,0.296359248622,0.232765178018,181.926677868,7.74351856241,91.7167851166,409.76640402,1.13913116407,112.512120141,82.3286522973,400.481040523,399.886072703,0.266226238614,68.3579206655,196.517069403,122.243499547,219.847496349,106.824676257,74.0492143856,40.7450221792,228.760003054,71.6157448805,72.3276521563,1.0,118.0
23,0.155788472401,32.5187305805,0.296359248622,0.232765178018,181.926677868,7.74351856241,91.7167851166,409.76640402,1.13913116407,112.512120141,82.3286522973,400.481040523,399.886072703,0.266226238614,68.3579206655,196.517069403,122.243499547,219.847496349,106.824676257,74.0492143856,40.7450221792,228.760003054,71.6157448805,72.3276521563,1.0,118.0
24,0.155788472401,32.5187305805,0.296359248622,0.232765178018,181.926677868,7.74351856241,91.7167851166,409.76640402,1.13913116407,112.512120141,82.3286522973,400.481040523,399.886072703,0.266226238614,68.3579206655,196.517069403,122.243499547,219.847496349,106.824676257,74.0492143856,40.7450221792,228.760003054,71.6157448805,72.3276521563,1.0,118.0
25,0.155788472401,32.5187305805,0.296359248622,0.232765178018,181.926677868,7.74351856241,91.7167851166,409.76640402,1.13913116407,112.512120141,82.3286522973,400.481040523,399.886072703,0.266226238614,68.3579206655,196.517069403,122.243499547,219.847496349,106.824676257,74.0492143856,40.7450221792,228.760003054,71.6157448805,72.3276521563,1.0,118.0
26,0.155788472401,32.5187305805,0.296359248622,0.232765178018,181.926677868,7.74351856241,91.7167851166,409.76640402,1.13913116407,112.512120141,82.3286522973,400.481040523,399.886072703,0.266226238614,68.3579206655,196.517069403,122.243499547,219.847496349,106.824676257,74.0492143856,40.7450221792,228.760003054,71.6157448805,72.3276521563,1.0,118.0
27,0.155788472401,32.5187305805,0.296359248622,0.232765178018,181.926677868,7.74351856241,91.7167851166,409.76640402,1.13913116407,112.512120141,82.3286522973,400.481040523,399.886072703,0.266226238614,68.3579206655,196.517069403,122.243499547,219.847496349,106.824676257,74.0492143856,40.7450221792,228.760003054,71.6157448805,72.3276521563,1.0,118.0
28,0.155788472401,32.5187305805,0.296359248622,0.232765178018,181.926677868,7.74351856241,91.7167851166,409.76640402,1.13913116407,112.512120141,82.3286522973,400.481040523,399.886072703,0.266226238614,68.3579206655,196.517069403,122.243499547,219.847496349,106.824676257,74.0492143856,40.7450221792,228.760003054,71.6157448805,72.3276521563,1.0,118.0
29,0.155788472401,32.5187305805,0.296359248622,0.232765178018,181.926677868,7.74351856241,91.7167851166,409.76640402,1.13913116407,112.512120141,82.3286522973,400.481040523,399.886072703,0.266226238614,68.3579206655,196.517069403,122.243499547,219.847496349,106.824676257,74.0492143856,40.7450221792,228.760003054,71.6157448805,72.3276521563,1.0,118.0
30,0.155788472401,32.5187305805,0.296359248622,0.232765178018,181.926677868,7.74351856241,91.7167851166,409.76640402,1.13913116407,112.512120141,82.3286522973,400.481040523,399.886072703,0.266226238614,68.3579206655,196.517069403,122.243499547,219.847496349,106.824676257,74.0492143856,40.7450221792,228.760003054,71.6157448805,72.3276521563,1.0,118.0
31,0.155788472401,32.5187305805,0.296359248622,0.232765178018,181.926677868,7.74351856241,91.7167851166,409.76640402,1.13913116407,112.512120141,82.3286522973,400.481040523,399.886072703,0.266226238614,68.3579206655,196.517069403,122.243499547,219.847496349,106.824676257,74.0492143856,40.7450221792,228.760003054,71.6157448805,72.3276521563,1.0,118.0
32,0.155788472401,32.5187305805,0.296359248622,0.232765178018,181.926677868,7.74351856241,91.7167851166,409.76640402,1.13913116407,112.512120141,82.3286522973,400.481040523,399.886072703,0.266226238614,68.3579206655,196.517069403,122.243499547,219.847496349,106.824676257,74.0492143856,40.7450221792,228.760003054,71.6157448805,72.3276521563,1.0,118.0
33,0.155788472401,32.5187305805,0.296359248622,0.232765178018,181.926677868,7.74351856241,91.7167851166,409.76640402,1.13913116407,112.512120141,82.3286522973,400.481040523,399.886072703,0.266226238614,68.3579206655,196.517069403,122.243499547,219.847496349,106.824676257,74.0492143856,40.7450221792,228.760003054,71.6157448805,72.3276521563,1.0,118.0
34,0.155788472401,32.5187305805,0.296359248622,0.232765178018,181.926677868,7.74351856241,91.7167851166,409.76640402,1.13913116407,112.512120141,82.3286522973,400.481040523,399.886072703,0.266226238614,68.3579206655,196.517069403,122.243499547,219.847496349,106.824676257,74.0492143856,40.7450221792,228.760003054,71.6157448805,72.3276521563,1.0,118.0
35,0.155788472401,32.5187305805,0.296359248622,0.232765178018,181.926677868,7.74351856241,91.7167851166,409.76640402,1.13913116407,112.512120141,82.3286522973,400.481040523,399.886072703,0.266226238614,68.3579206655,196.517069403,122.243499547,219.847496349,106.824676257,74.0492143856,40.7450221792,228.760003054,71.6157448805,72.3276521563,1.0,118.0
36,0.155788472401,32.5187305805,0.296359248622,0.232765178018,181.926677868,7.74351856241,91.7167851166,409.76640402,1.13913116407,112.512120141,82.3286522973,400.481040523,399.886072703,0.266226238614,68.3579206655,196.517069403,122.243499547,219.847496349,106.824676257,74.0492143856,40.7450221792,228.760003054,71.6157448805,72.3276521563,1.0,118.0
37,0.155788472401,32.5187305805,0.296359248622,0.232765178018,181.926677868,7.74351856241,91.7167851166,409.76640402,1.13913116407,112.512120141,82.3286522973,400.481040523,399.886072703,0.266226238614,68.3579206655,196.517069403,122.243499547,219.847496349,106.824676257,74.0492143856,40.7450221792,228.760003054,71.6157448805,72.3276521563,1.0,118.0
38,0.155788472401,32.5187305805,0.296359248622,0.232765178018,181.926677868,7.74351856241,91.7167851166,409.76640402,1.13913116407,112.512120141,82.3286522973,400.481040523,399.886072703,0.266226238614,68.3579206655,196.517069403,122.243499547,219.847496349,106.824676257,74.0492143856,40.7450221792,228.760003054,71.6157448805,72.3276521563,1.0,118.0
39,0.155788472401,32.5187305805,0.296359248622,0.232765178018,181.926677868,7.74351856241,91.7167851166,409.76640402,1.13913116407,112.512120141,82.3286522973,400.481040523,399.886072703,0.266226238614,68.3579206655,196.517069403,122.243499547,219.847496349,106.824676257,74.0492143856,40.7450221792,228.760003054,71.6157448805,72.3276521563,1.0,118.0
40,0.155788472401,32.5187305805,0.296359248622,0.232765178018,181.926677868,7.74351856241,91.7167851166,409.76640402,1.13913116407,112.512120141,82.3286522973,400.481040523,399.886072703,0.266226238614,68.3579206655,196.517069403,122.243499547,219.847496349,106.824676257,74.0492143856,40.7450221792,228.760003054,71.6157448805,72.3276521563,1.0,118.0
41,0.155788472401,32.5187305805,0.296359248622,0.232765178018,181.926677868,7.74351856241,91.7167851166,409.76640402,1.13913116407,112.512120141,82.3286522973,400.481040523,399.886072703,0.266226238614,68.3579206655,196.517069403,122.243499547,219.847496349,106.824676257,74.0492143856,40.7450221792,228.760003054,71.6157448805,72.3276521563,1.0,118.0
42,0.155788472401,32.5187305805,0.296359248622,0.232765178018,181.926677868,7.74351856241,91.7167851166,409.76640402,1.13913116407,112.512120141,82.3286522973,400.481040523,399.886072703,0.266226238614,68.3579206655,196.517069403,122.243499547,219.847496349,106.824676257,74.0492143856,40.7450221792,228.760003054,71.6157448805,72.3276521563,1.0,118.0
43,0.155788472401,32.5187305805,0.296359248622,0.232765178018,181.926677868,7.74351856241,91.7167851166,409.76640402,1.13913116407,112.512120141,82.3286522973,400.481040523,399.886072703,0.266226238614,68.3579206655,196.517069403,122.243499547,219.847496349,106.824676257,74.0492143856,40.7450221792,228.760003054,71.6157448805,72.3276521563,1.0,118.0
44,0.155788472401,32.5187305805,0.296359248622,0.232765178018,181.926677868,7.74351856241,91.7167851166,409.76640402,1.13913116407,112.512120141,82.3286522973,400.481040523,399.886072703,0.266226238614,68.3579206655,196.517069403,122.243499547,219.847496349,106.824676257,74.0492143856,40.7450221792,228.760003054,71.6157448805,72.3276521563,1.0,118.0
45,0.155788472401,32.5187305805,0.296359248622,0.232765178018,181.926677868,7.74351856241,91.7167851166,409.76640402,1.13913116407,112.512120141,82.3286522973,400.481040523,399.886072703,0.266226238614,68.3579206655,196.517069403,122.243499547,219.847496349,106.824676257,74.0492143856,40.7450221792,228.760003054,71.6157448805,72.3276521563,1.0,118.0
46,0.155788472401,32.5187305805,0.296359248622,0.232765178018,181.926677868,7.74351856241,91.7167851166,409.76640402,1.13913116407,112.512120141,82.3286522973,400.481040523,399.886072703,0.266226238614,68.3579206655,196.517069403,122.243499547,219.847496349,106.824676257,74.0492143856,40.7450221792,228.760003054,71.6157448805,72.3276521563,1.0,118.0
47,0.155788472401,32.5187305805,0.296359248622,0.232765178018,181.926677868,7.74351856241,91.7167851166,409.76640402,1.13913116407,112.512120141,82.3286522973,400.481040523,399.886072703,0.266226238614,68.3579206655,196.517069403,122.243499547,219.847496349,106.824676257,74.0492143856,40.7450221792,228.760003054,71.6157448805,72.3276521563,1.0,118.0
48,0.155788472401,32.5187305805,0.296359248622,0.232765178018,181.926677868,7.74351856241,91.7167851166,409.76640402,1.13913116407,112.512120141,82.3286522973,400.481040523,399.886072703,0.266226238614,68.3579206655,196.517069403,122.243499547,219.847496349,106.824676257,74.0492143856,40.7450221792,228.760003054,71.6157448805,72.3276521563,1.0,118.0
49,0.155788472401,32.5187305805,0.296359248622,0.232765178018,181.926677868,7.74351856241,91.7167851166,409.76640402,1.13913116407,112.512120141,82.3286522973,400.481040523,399.886072703,0.266226238614,68.3579206655,196.517069403,122.243499547,219.847496349,106.824676257,74.0492143856,40.7450221792,228.760003054,71.6157448805,72.3276521563,1.0,118.0
50,0.155788472401,32.5187305805,0.296359248622,0.232765178018,181.926677868,7.74351856241,91.7167851166,409.76640402,1.13913116407,112.512120141,82.3286522973,400.481040523,399.886072703,0.266226238614,68.3579206655,196.517069403,122.243499547,219.847496349,106.824676257,74.0492143856,40.7450221792,228.760003054,71.6157448805,72.3276521563,1.0,118.0
51,0.155788472401,32.5187305805,0.296359248622,0.232765178018,181.926677868,7.74351856241,91.7167851166,409.76640402,1.13913116407,112.512120141,82.3286522973,400.481040523,399.886072703,0.266226238614,68.3579206655,196.517069403,122.243499547,219.847496349,106.824676257,74.0492143856,40.7450221792,228.760003054,71.6157448805,72.3276521563,1.0,118.0
52,0.155788472401,32.5187305805,0.296359248622,0.232765178018,181.926677868,7.74351856241,91.7167851166,409.76640402,1.13913116407,112.512120141,82.3286522973,400.481040523,399.886072703,0.266226238614,68.3579206655,196.517069403,122.243499547,219.847496349,106.824676257,74.0492143856,40.7450221792,228.760003054,71.6157448805,72.3276521563,1.0,118.0
53,0.155788472401,32.5187305805,0.296359248622,0.232765178018,181.926677868,7.74351856241,91.7167851166,409.76640402,1.13913116407,112.512120141,82.3286522973,400.481040523,399.886072703,0.266226238614,68.3579206655,196.517069403,122.243499547,219.847496349,106.824676257,74.0492143856,40.7450221792,228.760003054,71.6157448805,72.3276521563,1.0,118.0
54,0.155788472401,32.5187305805,0.296359248622,0.232765178018,181.926677868,7.74351856241,91.7167851166,409.76640402,1.13913116407,112.512120141,82.3286522973,400.481040523,399.886072703,0.266226238614,68.3579206655,196.517069403,122.243499547,219.847496349,106.824676257,74.0492143856,40.7450221792,228.760003054,71.6157448805,72.3276521563,1.0,118.0
55,0.155788472401,32.5187305805,0.296359248622,0.232765178018,181.926677868,7.74351856241,91.7167851166,409.76640402,1.13913116407,112.512120141,82.3286522973,400.481040523,399.886072703,0.266226238614,68.3579206655,196.517069403,122.243499547,219.847496349,106.824676257,74.0492143856,40.7450221792,228.760003054,71.6157448805,72.3276521563,1.0,118.0
56,0.155788472401,32.5187305805,0.296359248622,0.232765178018,181.926677868,7.74351856241,91.7167851166,409.76640402,1.13913116407,112.512120141,82.3286522973,400.481040523,399.886072703,0.266226238614,68.3579206655,196.517069403,122.243499547,219.847496349,106.824676257,74.0492143856,40.7450221792,228.760003054,71.6157448805,72.3276521563,1.0,118.0
57,0.155788472401,32.5187305805,0.296359248622,0.232765178018,181.926677868,7.74351856241,91.7167851166,409.76640402,1.13913116407,112.512120141,82.3286522973,400.481040523,399.886072703,0.266226238614,68.3579206655,196.517069403,122.243499547,219.847496349,106.824676257,74.0492143856,40.7450221792,228.760003054,71.6157448805,72.3276521563,1.0,118.0
58,0.155788472401,32.5187305805,0.296359248622,0.232765178018,181.926677868,7.74351856241,91.7167851166,409.76640402,1.13913116407,112.512120141,82.3286522973,400.481040523,399.886072703,0.266226238614,68.3579206655,196.517069403,122.243499547,219.847496349,106.824676257,74.0492143856,40.7450221792,228.760003054,71.6157448805,72.3276521563,1.0,118.0
59,0.155788472401,32.5187305805,0.296359248622,0.232765178018,181.926677868,7.74351856241,91.7167851166,409.76640402,1.13913116407,112.512120141,82.3286522973,400.481040523,399.886072703,0.266226238614,68.3579206655,196.517069403,122.243499547,219.847496349,106.824676257,74.0492143856,40.7450221792,228.760003054,71.6157448805,72.3276521563,1.0,118.0
60,0.155788472401,32.5187305805,0.296359248622,0.232765178018,181.926677868,7.74351856241,91.7167851166,409.76640402,1.13913116407,112.512120141,82.3286522973,400.481040523,399.886072703,0.266226238614,68.3579206655,196.517069403,122.243499547,219.847496349,106.824676257,74.0492143856,40.7450221792,228.760003054,71.6157448805,72.3276521563,1.0,118.0
61,0.0778942362005,82.9912904202,0.148179624311,0.116382589009,163.919737604,3.87175928121,54.0608701805,286.944257237,0.569565582035,57.9457391717,43.4234175474,320.621189186,202.680875045,0.133113119307,35.570184657,145.948330355,155.101501659,183.299135978,96.6412309912,50.2439889315,22.1448474496,169.956370354,65.2666186424,53.5636341805,31.0,148.0
62,0.0778942362005,82.9912904202,0.148179624311,0.116382589009,163.919737604,3.87175928121,54.0608701805,286.944257237,0.569565582035,57.9457391717,43.4234175474,320.621189186,202.680875045,0.133113119307,35.570184657,145.948330355,155.101501659,183.299135978,96.6412309912,50.2439889315,22.1448474496,169.956370354,65.2666186424,53.5636341805,31.0,148.0
63,0.0778942362005,82.9912904202,0.148179624311,0.116382589009,163.919737604,3.87175928121,54.0608701805,286.944257237,0.569565582035,57.9457391717,43.4234175474,320.621189186,202.680875045,0.133113119307,35.570184657,145.948330355,155.101501659,183.299135978,96.6412309912,50.2439889315,22.1448474496,169.956370354,65.2666186424,53.5636341805,31.0,148.0
64,0.0778942362005,82.9912904202,0.148179624311,0.116382589009,163.919737604,3.87175928121,54.0608701805,286.944257237,0.569565582035,57.9457391717,43.4234175474,320.621189186,202.680875045,0.133113119307,35.570184657,145.948330355,155.101501659,183.299135978,96.6412309912,50.2439889315,22.1448474496,169.956370354,65.2666186424,53.5636341805,31.0,148.0
65,0.0778942362005,82.9912904202,0.148179624311,0.116382589009,163.919737604,3.87175928121,54.0608701805,286.944257237,0.569565582035,57.9457391717,43.4234175474,320.621189186,202.680875045,0.133113119307,35.570184657,145.948330355,155.101501659,183.299135978,96.6412309912,50.2439889315,22.1448474496,169.956370354,65.2666186424,53.5636341805,31.0,148.0
66,0.0778942362005,82.9912904202,0.148179624311,0.116382589009,163.919737604,3.87175928121,54.0608701805,286.944257237,0.569565582035,57.9457391717,43.4234175474,320.621189186,202.680875045,0.133113119307,35.570184657,145.948330355,155.101501659,183.299135978,96.6412309912,50.2439889315,22.1448474496,169.956370354,65.2666186424,53.5636341805,31.0,148.0
67,0.0778942362005,82.9912904202,0.148179624311,0.116382589009,163.919737604,3.87175928121,54.0608701805,286.944257237,0.569565582035,57.9457391717,43.4234175474,320.621189186,202.680875045,0.133113119307,35.570184657,145.948330355,155.101501659,183.299135978,96.6412309912,50.2439889315,22.1448474496,169.956370354,65.2666186424,53.5636341805,31.0,148.0
68,0.0778942362005,82.9912904202,0.148179624311,0.116382589009,163.919737604,3.87175928121,54.0608701805,286.944257237,0.569565582035,57.9457391717,43.4234175474,320.621189186,202.680875045,0.133113119307,35.570184657,145.948330355,155.101501659,183.299135978,96.6412309912,50.2439889315,22.1448474496,169.956370354,65.2666186424,53.5636341805,31.0,148.0
69,0.0778942362005,82.9912904202,0.148179624311,0.116382589009,163.919737604,3.87175928121,54.0608701805,286.944257237,0.569565582035,57.9457391717,43.4234175474,320.621189186,202.680875045,0.133113119307,35.570184657,145.948330355,155.101501659,183.299135978,96.6412309912,50.2439889315,22.1448474496,169.956370354,65.2666186424,53.5636341805,31.0,148.0
70,0.0778942362005,82.9912904202,0.148179624311,0.116382589009,163.919737604,3.87175928121,54.0608701805,286.944257237,0.569565582035,57.9457391717,43.4234175474,320.621189186,202.680875045,0.133113119307,35.570184657,145.948330355,155.101501659,183.299135978,96.6412309912,50.2439889315,22.1448474496,169.956370354,65.2666186424,53.5636341805,31.0,148.0
71,0.0778942362005,82.9912904202,0.148179624311,0.116382589009,163.919737604,3.87175928121,54.0608701805,286.944257237,0.569565582035,57.9457391717,43.4234175474,320.621189186,202.680875045,0.133113119307,35.570184657,145.948330355,155.101501659,183.299135978,96.6412309912,50.2439889315,22.1448474496,169.956370354,65.2666186424,53.5636341805,31.0,148.0
72,0.0778942362005,82.9912904202,0.148179624311,0.116382589009,163.919737604,3.87175928121,54.0608701805,286.944257237,0.569565582035,57.9457391717,43.4234175474,320.621189186,202.680875045,0.133113119307,35.570184657,145.948330355,155.101501659,183.299135978,96.6412309912,50.2439889315,22.1448474496,169.956370354,65.2666186424,53.5636341805,31.0,148.0
73,0.0778942362005,82.9912904202,0.148179624311,0.116382589009,163.919737604,3.87175928121,54.0608701805,286.944257237,0.569565582035,57.9457391717,43.4234175474,320.621189186,202.680875045,0.133113119307,35.570184657,145.948330355,155.101501659,183.299135978,96.6412309912,50.2439889315,22.1448474496,169.956370354,65.2666186424,53.5636341805,31.0,148.0
74,0.0778942362005,82.9912904202,0.148179624311,0.116382589009,163.919737604,3.87175928121,54.0608701805,286.944257237,0.569565582035,57.9457391717,43.4234175474,320.621189186,202.680875045,0.133113119307,35.570184657,145.948330355,155.101501659,183.299135978,96.6412309912,50.2439889315,22.1448474496,169.956370354,65.2666186424,53.5636341805,31.0,148.0
75,0.0778942362005,82.9912904202,0.148179624311,0.116382589009,163.919737604,3.87175928121,54.0608701805,286.944257237,0.569565582035,57.9457391717,43.4234175474,320.621189186,202.680875045,0.133113119307,35.570184657,145.948330355,155.101501659,183.299135978,96.6412309912,50.2439889315,22.1448474496,169.956370354,65.2666186424,53.5636341805,31.0,148.0
76,0.0778942362005,82.9912904202,0.148179624311,0.116382589009,163.919737604,3.87175928121,54.0608701805,286.944257237,0.569565582035,57.9457391717,43.4234175474,320.621189186,202.680875045,0.133113119307,35.570184657,145.948330355,155.101501659,183.299135978,96.6412309912,50.2439889315,22.1448474496,169.956370354,65.2666186424,53.5636341805,31.0,148.0
77,0.0778942362005,82.9912904202,0.148179624311,0.116382589009,163.919737604,3.87175928121,54.0608701805,286.944257237,0.569565582035,57.9457391717,43.4234175474,320.621189186,202.680875045,0.133113119307,35.570184657,145.948330355,155.101501659,183.299135978,96.6412309912,50.2439889315,22.1448474496,169.956370354,65.2666186424,53.5636341805,31.0,148.0
78,0.0778942362005,82.9912904202,0.148179624311,0.116382589009,163.919737604,3.87175928121,54.0608701805,286.944257237,0.569565582035,57.9457391717,43.4234175474,320.621189186,202.680875045,0.133113119307,35.570184657,145.948330355,155.101501659,183.299135978,96.6412309912,50.2439889315,22.1448474496,169.956370354,65.2666186424,53.5636341805,31.0,148.0
79,0.0778942362005,82.9912904202,0.148179624311,0.116382589009,163.919737604,3.87175928121,54.0608701805,286.944257237,0.569565582035,57.9457391717,43.4234175474,320.621189186,202.680875045,0.133113119307,35.570184657,145.948330355,155.101501659,183.299135978,96.6412309912,50.2439889315,22.1448474496,169.956370354,65.2666186424,53.5636341805,31.0,148.0
80,0.0778942362005,82.9912904202,0.148179624311,0.116382589009,163.919737604,3.87175928121,54.0608701805,286.944257237,0.569565582035,57.9457391717,43.4234175474,320.621189186,202.680875045,0.133113119307,35.570184657,145.948330355,155.101501659,183.299135978,96.6412309912,50.2439889315,22.1448474496,169.956370354,65.2666186424,53.5636341805,31.0,148.0
81,0.0778942362005,82.9912904202,0.148179624311,0.116382589009,163.919737604,3.87175928121,54.0608701805,286.944257237,0.569565582035,57.9457391717,43.4234175474,320.621189186,202.680875045,0.133113119307,35.570184657,145.948330355,155.101501659,183.299135978,96.6412309912,50.2439889315,22.1448474496,169.956370354,65.2666186424,53.5636341805,31.0,148.0
82,0.0778942362005,82.9912904202,0.148179624311,0.116382589009,163.919737604,3.87175928121,54.0608701805,286.944257237,0.569565582035,57.9457391717,43.4234175474,320.621189186,202.680875045,0.133113119307,35.570184657,145.948330355,155.101501659,183.299135978,96.6412309912,50.2439889315,22.1448474496,169.956370354,65.2666186424,53.5636341805,31.0,148.0
83,0.0778942362005,82.9912904202,0.148179624311,0.116382589009,163.919737604,3.87175928121,54.0608701805,286.944257237,0.569565582035,57.9457391717,43.4234175474,320.621189186,202.680875045,0.133113119307,35.570184657,145.948330355,155.101501659,183.299135978,96.6412309912,50.2439889315,22.1448474496,169.956370354,65.2666186424,53.5636341805,31.0,148.0
84,0.0778942362005,82.9912904202,0.148179624311,0.116382589009,163.919737604,3.87175928121,54.0608701805,286.944257237,0.569565582035,57.9457391717,43.4234175474,320.621189186,202.680875045,0.133113119307,35.570184657,145.948330355,155.101501659,183.299135978,96.6412309912,50.2439889315,22.1448474496,169.956370354,65.2666186424,53.5636341805,31.0,148.0
85,0.0778942362005,82.9912904202,0.148179624311,0.116382589009,163.919737604,3.87175928121,54.0608701805,286.944257237,0.569565582035,57.9457391717,43.4234175474,320.621189186,202.680875045,0.133113119307,35.570184657,145.948330355,155.101501659,183.299135978,96.6412309912,50.2439889315,22.1448474496,169.956370354,65.2666186424,53.5636341805,31.0,148.0
86,0.0778942362005,82.9912904202,0.148179624311,0.116382589009,163.919737604,3.87175928121,54.0608701805,286.944257237,0.569565582035,57.9457391717,43.4234175474,320.621189186,202.680875045,0.133113119307,35.570184657,145.948330355,155.101501659,183.299135978,96.6412309912,50.2439889315,22.1448474496,169.956370354,65.2666186424,53.5636341805,31.0,148.0
87,0.0778942362005,82.9912904202,0.148179624311,0.116382589009,163.919737604,3.87175928121,54.0608701805,286.944257237,0.569565582035,57.9457391717,43.4234175474,320.621189186,202.680875045,0.133113119307,35.570184657,145.948330355,155.101501659,183.299135978,96.6412309912,50.2439889315,22.1448474496,169.956370354,65.2666186424,53.5636341805,31.0,148.0
88,0.0778942362005,82.9912904202,0.148179624311,0.116382589009,163.919737604,3.87175928121,54.0608701805,286.944257237,0.569565582035,57.9457391717,43.4234175474,320.621189186,202.680875045,0.133113119307,35.570184657,145.948330355,155.101501659,183.299135978,96.6412309912,50.2439889315,22.1448474496,169.956370354,65.2666186424,53.5636341805,31.0,148.0
89,0.0778942362005,82.9912904202,0.148179624311,0.116382589009,163.919737604,3.87175928121,54.0608701805,286.944257237,0.569565582035,57.9457391717,43.4234175474,320.621189186,202.680875045,0.133113119307,35.570184657,145.948330355,155.101501659,183.299135978,96.6412309912,50.2439889315,22.1448474496,169.956370354,65.2666186424,53.5636341805,31.0,148.0
90,0.0778942362005,82.9912904202,0.148179624311,0.116382589009,163.919737604,3.87175928121,54.0608701805,286.944257237,0.569565582035,57.9457391717,43.4234175474,320.621189186,202.680875045,0.133113119307,35.570184657,145.948330355,155.101501659,183.299135978,96.6412309912,50.2439889315,22.1448474496,169.956370354,65.2666186424,53.5636341805,31.0,148.0
91,0.0778942362005,82.9912904202,0.148179624311,0.116382589009,163.919737604,3.87175928121,54.0608701805,286.944257237,0.569565582035,57.9457391717,43.4234175474,320.621189186,202.680875045,0.133113119307,35.570184657,145.948330355,155.101501659,183.299135978,96.6412309912,50.2439889315,22.1448474496,169.956370354,65.2666186424,53.5636341805,31.0,148.0
92,0.0778942362005,82.9912904202,0.148179624311,0.116382589009,163.919737604,3.87175928121,54.0608701805,286.944257237,0.569565582035,57.9457391717,43.4234175474,320.621189186,202.680875045,0.133113119307,35.570184657,145.948330355,155.101501659,183.299135978,96.6412309912,50.2439889315,22.1448474496,169.956370354,65.2666186424,53.5636341805,31.0,148.0
93,0.0778942362005,82.9912904202,0.148179624311,0.116382589009,163.919737604,3.87175928121,54.0608701805,286.944257237,0.569565582035,57.9457391717,43.4234175474,320.621189186,202.680875045,0.133113119307,35.570184657,145.948330355,155.101501659,183.299135978,96.6412309912,50.2439889315,22.1448474496,169.956370354,65.2666186424,53.5636341805,31.0,148.0
94,0.0778942362005,82.9912904202,0.148179624311,0.116382589009,163.919737604,3.87175928121,54.0608701805,286.944257237,0.569565582035,57.9457391717,43.4234175474,320.621189186,202.680875045,0.133113119307,35.570184657,145.948330355,155.101501659,183.299135978,96.6412309912,50.2439889315,22.1448474496,169.956370354,65.2666186424,53.5636341805,31.0,148.0
95,0.0778942362005,82.9912904202,0.148179624311,0.116382589009,163.919737604,3.87175928121,54.0608701805,286.944257237,0.569565582035,57.9457391717,43.4234175474,320.621189186,202.680875045,0.133113119307,35.570184657,145.948330355,155.101501659,183.299135978,96.6412309912,50.2439889315,22.1448474496,169.956370354,65.2666186424,53.5636341805,31.0,148.0
96,0.0778942362005,82.9912904202,0.148179624311,0.116382589009,163.919737604,3.87175928121,54.0608701805,286.944257237,0.569565582035,57.9457391717,43.4234175474,320.621189186,202.680875045,0.133113119307,35.570184657,145.948330355,155.101501659,183.299135978,96.6412309912,50.2439889315,22.1448474496,169.956370354,65.2666186424,53.5636341805,31.0,148.0
97,0.0778942362005,82.9912904202,0.148179624311,0.116382589009,163.919737604,3.87175928121,54.0608701805,286.944257237,0.569565582035,57.9457391717,43.4234175474,320.621189186,202.680875045,0.133113119307,35.570184657,145.948330355,155.101501659,183.299135978,96.6412309912,50.2439889315,22.1448474496,169.956370354,65.2666186424,53.5636341805,31.0,148.0
98,0.0778942362005,82.9912904202,0.148179624311,0.116382589009,163.919737604,3.87175928121,54.0608701805,286.944257237,0.569565582035,57.9457391717,43.4234175474,320.621189186,202.680875045,0.133113119307,35.570184657,145.948330355,155.101501659,183.299135978,96.6412309912,50.2439889315,22.1448474496,169.956370354,65.2666186424,53.5636341805,31.0,148.0
99,0.0778942362005,82.9912904202,0.148179624311,0.116382589009,163.919737604,3.87175928121,54.0608701805,286.944257237,0.569565582035,57.9457391717,43.4234175474,320.621189186,202.680875045,0.133113119307,35.570184657,145.948330355,155.101501659,183.299135978,96.6412309912,50.2439889315,22.1448474496,169.956370354,65.2666186424,53.5636341805,31.0,148.0
100,0.0778942362005,82.9912904202,0.148179624311,0.116382589009,163.919737604,3.87175928121,54.0608701805,286.944257237,0.569565582035,57.9457391717,43.4234175474,320.621189186,202.680875045,0.133113119307,35.570184657,145.948330355,155.101501659,183.299135978,96.6412309912,50.2439889315,22.1448474496,169.956370354,65.2666186424,53.5636341805,31.0,148.0
101,0.0778942362005,82.9912904202,0.148179624311,0.116382589009,163.919737604,3.87175928121,54.0608701805,286.944257237,0.569565582035,57.9457391717,43.4234175474,320.621189186,202.680875045,0.133113119307,35.570184657,145.948330355,155.101501659,183.299135978,96.6412309912,50.2439889315,22.1448474496,169.956370354,65.2666186424,53.5636341805,31.0,148.0
102,0.0778942362005,82.9912904202,0.148179624311,0.116382589009,163.919737604,3.87175928121,54.0608701805,286.944257237,0.569565582035,57.9457391717,43.4234175474,320.621189186,202.680875045,0.133113119307,35.570184657,145.948330355,155.101501659,183.299135978,96.6412309912,50.2439889315,22.1448474496,169.956370354,65.2666186424,53.5636341805,31.0,148.0
103,0.0778942362005,82.9912904202,0.148179624311,0.116382589009,163.919737604,3.87175928121,54.0608701805,286.944257237,0.569565582035,57.9457391717,43.4234175474,320.621189186,202.680875045,0.133113119307,35.570184657,145.948330355,155.101501659,183.299135978,96.6412309912,50.2439889315,22.1448474496,169.956370354,65.2666186424,53.5636341805,31.0,148.0
104,0.0778942362005,82.9912904202,0.148179624311,0.116382589009,163.919737604,3.87175928121,54.0608701805,286.944257237,0.569565582035,57.9457391717,43.4234175474,320.621189186,202.680875045,0.133113119307,35.570184657,145.948330355,155.101501659,183.299135978,96.6412309912,50.2439889315,22.1448474496,169.956370354,65.2666186424,53.5636341805,31.0,148.0
105,0.0778942362005,82.9912904202,0.148179624311,0.116382589009,163.919737604,3.87175928121,54.0608701805,286.944257237,0.569565582035,57.9457391717,43.4234175474,320.621189186,202.680875045,0.133113119307,35.570184657,145.948330355,155.101501659,183.299135978,96.6412309912,50.2439889315,22.1448474496,169.956370354,65.2666186424,53.5636341805,31.0,148.0
106,0.0778942362005,82.9912904202,0.148179624311,0.116382589009,163.919737604,3.87175928121,54.0608701805,286.944257237,0.569565582035,57.9457391717,43.4234175474,320.621189186,202.680875045,0.133113119307,35.570184657,145.948330355,155.101501659,183.299135978,96.6412309912,50.2439889315,22.1448474496,169.956370354,65.2666186424,53.5636341805,31.0,148.0
107,0.0778942362005,82.9912904202,0.148179624311,0.116382589009,163.919737604,3.87175928121,54.0608701805,286.944257237,0.569565582035,57.9457391717,43.4234175474,320.621189186,202.680875045,0.133113119307,35.570184657,145.948330355,155.101501659,183.299135978,96.6412309912,50.2439889315,22.1448474496,169.956370354,65.2666186424,53.5636341805,31.0,148.0
108,0.0778942362005,82.9912904202,0.148179624311,0.116382589009,163.919737604,3.87175928121,54.0608701805,286.944257237,0.569565582035,57.9457391717,43.4234175474,320.621189186,202.680875045,0.133113119307,35.570184657,145.948330355,155.101501659,183.299135978,96.6412309912,50.2439889315,22.1448474496,169.956370354,65.2666186424,53.5636341805,31.0,148.0
109,0.0778942362005,82.9912904202,0.148179624311,0.116382589009,163.919737604,3.87175928121,54.0608701805,286.944257237,0.569565582035,57.9457391717,43.4234175474,320.621189186,202.680875045,0.133113119307,35.570184657,145.948330355,155.101501659,183.299135978,96.6412309912,50.2439889315,22.1448474496,169.956370354,65.2666186424,53.5636341805,31.0,148.0
110,0.0778942362005,82.9912904202,0.148179624311,0.116382589009,163.919737604,3.87175928121,54.0608701805,286.944257237,0.569565582035,57.9457391717,43.4234175474,320.621189186,202.680875045,0.133113119307,35.570184657,145.948330355,155.101501659,183.299135978,96.6412309912,50.2439889315,22.1448474496,169.956370354,65.2666186424,53.5636341805,31.0,148.0
111,0.0778942362005,82.9912904202,0.148179624311,0.116382589009,163.919737604,3.87175928121,54.0608701805,286.944257237,0.569565582035,57.9457391717,43.4234175474,320.621189186,202.680875045,0.133113119307,35.570184657,145.948330355,155.101501659,183.299135978,96.6412309912,50.2439889315,22.1448474496,169.956370354,65.2666186424,53.5636341805,31.0,148.0
112,0.0778942362005,82.9912904202,0.148179624311,0.116382589009,163.919737604,3.87175928121,54.0608701805,286.944257237,0.569565582035,57.9457391717,43.4234175474,320.621189186,202.680875045,0.133113119307,35.570184657,145.948330355,155.101501659,183.299135978,96.6412309912,50.2439889315,22.1448474496,169.956370354,65.2666186424,53.5636341805,31.0,148.0
113,0.0778942362005,82.9912904202,0.148179624311,0.116382589009,163.919737604,3.87175928121,54.0608701805,286.944257237,0.569565582035,57.9457391717,43.4234175474,320.621189186,202.680875045,0.133113119307,35.570184657,145.948330355,155.101501659,183.299135978,96.6412309912,50.2439889315,22.1448474496,169.956370354,65.2666186424,53.5636341805,31.0,148.0
114,0.0778942362005,82.9912904202,0.148179624311,0.116382589009,163.919737604,3.87175928121,54.0608701805,286.944257237,0.569565582035,57.9457391717,43.4234175474,320.621189186,202.680875045,0.133113119307,35.570184657,145.948330355,155.101501659,183.299135978,96.6412309912,50.2439889315,22.1448474496,169.956370354,65.2666186424,53.5636341805,31.0,148.0
115,0.0778942362005,82.9912904202,0.148179624311,0.116382589009,163.919737604,3.87175928121,54.0608701805,286.944257237,0.569565582035,57.9457391717,43.4234175474,320.621189186,202.680875045,0.133113119307,35.570184657,145.948330355,155.101501659,183.299135978,96.6412309912,50.2439889315,22.1448474496,169.956370354,65.2666186424,53.5636341805,31.0,148.0
116,0.0778942362005,82.9912904202,0.148179624311,0.116382589009,163.919737604,3.87175928121,54.0608701805,286.944257237,0.569565582035,57.9457391717,43.4234175474,320.621189186,202.680875045,0.133113119307,35.570184657,145.948330355,155.101501659,183.299135978,96.6412309912,50.2439889315,22.1448474496,169.956370354,65.2666186424,53.5636341805,31.0,148.0
117,0.0778942362005,82.9912904202,0.148179624311,0.116382589009,163.919737604,3.87175928121,54.0608701805,286.944257237,0.569565582035,57.9457391717,43.4234175474,320.621189186,202.680875045,0.133113119307,35.570184657,145.948330355,155.101501659,183.299135978,96.6412309912,50.2439889315,22.1448474496,169.956370354,65.2666186424,53.5636341805,31.0,148.0
118,0.0778942362005,82.9912904202,0.148179624311,0.116382589009,163.919737604,3.87175928121,54.0608701805,286.944257237,0.569565582035,57.9457391717,43.4234175474,320.621189186,202.680875045,0.133113119307,35.570184657,145.948330355,155.101501659,183.299135978,96.6412309912,50.2439889315,22.1448474496,169.956370354,65.2666186424,53.5636341805,31.0,148.0
119,0.0,133.46385026,0.0,0.0,145.91279734,0.0,16.4049552444,164.122110454,0.0,3.37935820241,4.51818279749,240.761337849,5.47567738726,0.0,2.78244864855,95.3795913068,187.95950377,146.750775607,86.4577857255,26.4387634773,3.54467271992,111.152737653,58.9174924043,34.7996162046,61.0,178.0
120,0.0,133.46385026,0.0,0.0,145.91279734,0.0,16.4049552444,164.122110454,0.0,3.37935820241,4.51818279749,240.761337849,5.47567738726,0.0,2.78244864855,95.3795913068,187.95950377,146.750775607,86.4577857255,26.4387634773,3.54467271992,111.152737653,58.9174924043,34.7996162046,61.0,178.0
121,0.0,133.46385026,0.0,0.0,145.91279734,0.0,16.4049552444,164.122110454,0.0,3.37935820241,4.51818279749,240.761337849,5.47567738726,0.0,2.78244864855,95.3795913068,187.95950377,146.750775607,86.4577857255,26.4387634773,3.54467271992,111.152737653,58.9174924043,34.7996162046,61.0,178.0
122,0.0,133.46385026,0.0,0.0,145.91279734,0.0,16.4049552444,164.122110454,0.0,3.37935820241,4.51818279749,240.761337849,5.47567738726,0.0,2.78244864855,95.3795913068,187.95950377,146.750775607,86.4577857255,26.4387634773,3.54467271992,111.152737653,58.9174924043,34.7996162046,61.0,178.0
123,0.0,133.46385026,0.0,0.0,145.91279734,0.0,16.4049552444,164.122110454,0.0,3.37935820241,4.51818279749,240.761337849,5.47567738726,0.0,2.78244864855,95.3795913068,187.95950377,146.750775607,86.4577857255,26.4387634773,3.54467271992,111.152737653,58.9174924043,34.7996162046,61.0,178.0
124,0.0,133.46385026,0.0,0.0,145.91279734,0.0,16.4049552444,164.122110454,0.0,3.37935820241,4.51818279749,240.761337849,5.47567738726,0.0,2.78244864855,95.3795913068,187.95950377,146.750775607,86.4577857255,26.4387634773,3.54467271992,111.152737653,58.9174924043,34.7996162046,61.0,178.0
125,0.0,133.46385026,0.0,0.0,145.91279734,0.0,16.4049552444,164.122110454,0.0,3.37935820241,4.51818279749,240.761337849,5.47567738726,0.0,2.78244864855,95.3795913068,187.95950377,146.750775607,86.4577857255,26.4387634773,3.54467271992,111.152737653,58.9174924043,34.7996162046,61.0,178.0
126,0.0,133.46385026,0.0,0.0,145.91279734,0.0,16.4049552444,164.122110454,0.0,3.37935820241,4.51818279749,240.761337849,5.47567738726,0.0,2.78244864855,95.3795913068,187.95950377,146.750775607,86.4577857255,26.4387634773,3.54467271992,111.152737653,58.9174924043,34.7996162046,61.0,178.0
127,0.0,133.46385026,0.0,0.0,145.91279734,0.0,16.4049552444,164.122110454,0.0,3.37935820241,4.51818279749,240.761337849,5.47567738726,0.0,2.78244864855,95.3795913068,187.95950377,146.750775607,86.4577857255,26.4387634773,3.54467271992,111.152737653,58.9174924043,34.7996162046,61.0,178.0
128,0.0,133.46385026,0.0,0.0,145.91279734,0.0,16.4049552444,164.122110454,0.0,3.37935820241,4.51818279749,240.761337849,5.47567738726,0.0,2.78244864855,95.3795913068,187.95950377,146.750775607,86.4577857255,26.4387634773,3.54467271992,111.152737653,58.9174924043,34.7996162046,61.0,178.0
129,0.0,133.46385026,0.0,0.0,145.91279734,0.0,16.4049552444,164.122110454,0.0,3.37935820241,4.51818279749,240.761337849,5.47567738726,0.0,2.78244864855,95.3795913068,187.95950377,146.750775607,86.4577857255,26.4387634773,3.54467271992,111.152737653,58.9174924043,34.7996162046,61.0,178.0
130,0.0,133.46385026,0.0,0.0,145.91279734,0.0,16.4049552444,164.122110454,0.0,3.37935820241,4.51818279749,240.761337849,5.47567738726,0.0,2.78244864855,95.3795913068,187.95950377,146.750775607,86.4577857255,26.4387634773,3.54467271992,111.152737653,58.9174924043,34.7996162046,61.0,178.0
131,0.0,133.46385026,0.0,0.0,145.91279734,0.0,16.4049552444,164.122110454,0.0,3.37935820241,4.51818279749,240.761337849,5.47567738726,0.0,2.78244864855,95.3795913068,187.95950377,146.750775607,86.4577857255,26.4387634773,3.54467271992,111.152737653,58.9174924043,34.7996162046,61.0,178.0
132,0.0,133.46385026,0.0,0.0,145.91279734,0.0,16.4049552444,164.122110454,0.0,3.37935820241,4.51818279749,240.761337849,5.47567738726,0.0,2.78244864855,95.3795913068,187.95950377,146.750775607,86.4577857255,26.4387634773,3.54467271992,111.152737653,58.9174924043,34.7996162046,61.0,178.0
133,0.0,133.46385026,0.0,0.0,145.91279734,0.0,16.4049552444,164.122110454,0.0,3.37935820241,4.51818279749,240.761337849,5.47567738726,0.0,2.78244864855,95.3795913068,187.95950377,146.750775607,86.4577857255,26.4387634773,3.54467271992,111.152737653,58.9174924043,34.7996162046,61.0,178.0
134,0.0,133.46385026,0.0,0.0,145.91279734,0.0,16.4049552444,164.122110454,0.0,3.37935820241,4.51818279749,240.761337849,5.47567738726,0.0,2.78244864855,95.3795913068,187.95950377,146.750775607,86.4577857255,26.4387634773,3.54467271992,111.152737653,58.9174924043,34.7996162046,61.0,178.0
135,0.0,133.46385026,0.0,0.0,145.91279734,0.0,16.4049552444,164.122110454,0.0,3.37935820241,4.51818279749,240.761337849,5.47567738726,0.0,2.78244864855,95.3795913068,187.95950377,146.750775607,86.4577857255,26.4387634773,3.54467271992,111.152737653,58.9174924043,34.7996162046,61.0,178.0
136,0.0,133.46385026,0.0,0.0,145.91279734,0.0,16.4049552444,164.122110454,0.0,3.37935820241,4.51818279749,240.761337849,5.47567738726,0.0,2.78244864855,95.3795913068,187.95950377,146.750775607,86.4577857255,26.4387634773,3.54467271992,111.152737653,58.9174924043,34.7996162046,61.0,178.0
137,0.0,133.46385026,0.0,0.0,145.91279734,0.0,16.4049552444,164.122110454,0.0,3.37935820241,4.51818279749,240.761337849,5.47567738726,0.0,2.78244864855,95.3795913068,187.95950377,146.750775607,86.4577857255,26.4387634773,3.54467271992,111.152737653,58.9174924043,34.7996162046,61.0,178.0
138,0.0,133.46385026,0.0,0.0,145.91279734,0.0,16.4049552444,164.122110454,0.0,3.37935820241,4.51818279749,240.761337849,5.47567738726,0.0,2.78244864855,95.3795913068,187.95950377,146.750775607,86.4577857255,26.4387634773,3.54467271992,111.152737653,58.9174924043,34.7996162046,61.0,178.0
139,0.0,133.46385026,0.0,0.0,145.91279734,0.0,16.4049552444,164.122110454,0.0,3.37935820241,4.51818279749,240.761337849,5.47567738726,0.0,2.78244864855,95.3795913068,187.95950377,146.750775607,86.4577857255,26.4387634773,3.54467271992,111.152737653,58.9174924043,34.7996162046,61.0,178.0
140,0.0,133.46385026,0.0,0.0,145.91279734,0.0,16.4049552444,164.122110454,0.0,3.37935820241,4.51818279749,240.761337849,5.47567738726,0.0,2.78244864855,95.3795913068,187.95950377,146.750775607,86.4577857255,26.4387634773,3.54467271992,111.152737653,58.9174924043,34.7996162046,61.0,178.0
141,0.0,133.46385026,0.0,0.0,145.91279734,0.0,16.4049552444,164.122110454,0.0,3.37935820241,4.51818279749,240.761337849,5.47567738726,0.0,2.78244864855,95.3795913068,187.95950377,146.750775607,86.4577857255,26.4387634773,3.54467271992,111.152737653,58.9174924043,34.7996162046,61.0,178.0
142,0.0,133.46385026,0.0,0.0,145.91279734,0.0,16.4049552444,164.122110454,0.0,3.37935820241,4.51818279749,240.761337849,5.47567738726,0.0,2.78244864855,95.3795913068,187.95950377,146.750775607,86.4577857255,26.4387634773,3.54467271992,111.152737653,58.9174924043,34.7996162046,61.0,178.0
143,0.0,133.46385026,0.0,0.0,145.91279734,0.0,16.4049552444,164.122110454,0.0,3.37935820241,4.51818279749,240.761337849,5.47567738726,0.0,2.78244864855,95.3795913068,187.95950377,146.750775607,86.4577857255,26.4387634773,3.54467271992,111.152737653,58.9174924043,34.7996162046,61.0,178.0
144,0.0,133.46385026,0.0,0.0,145.91279734,0.0,16.4049552444,164.122110454,0.0,3.37935820241,4.51818279749,240.761337849,5.47567738726,0.0,2.78244864855,95.3795913068,187.95950377,146.750775607,86.4577857255,26.4387634773,3.54467271992,111.152737653,58.9174924043,34.7996162046,61.0,178.0
145,0.0,133.46385026,0.0,0.0,145.91279734,0.0,16.4049552444,164.122110454,0.0,3.37935820241,4.51818279749,240.761337849,5.47567738726,0.0,2.78244864855,95.3795913068,187.95950377,146.750775607,86.4577857255,26.4387634773,3.54467271992,111.152737653,58.9174924043,34.7996162046,61.0,178.0
146,0.0,133.46385026,0.0,0.0,145.91279734,0.0,16.4049552444,164.122110454,0.0,3.37935820241,4.51818279749,240.761337849,5.47567738726,0.0,2.78244864855,95.3795913068,187.95950377,146.750775607,86.4577857255,26.4387634773,3.54467271992,111.152737653,58.9174924043,34.7996162046,61.0,178.0
147,0.0,133.46385026,0.0,0.0,145.91279734,0.0,16.4049552444,164.122110454,0.0,3.37935820241,4.51818279749,240.761337849,5.47567738726,0.0,2.78244864855,95.3795913068,187.95950377,146.750775607,86.4577857255,26.4387634773,3.54467271992,111.152737653,58.9174924043,34.7996162046,61.0,178.0
148,0.0,133.46385026,0.0,0.0,145.91279734,0.0,16.4049552444,164.122110454,0.0,3.37935820241,4.51818279749,240.761337849,5.47567738726,0.0,2.78244864855,95.3795913068,187.95950377,146.750775607,86.4577857255,26.4387634773,3.54467271992,111.152737653,58.9174924043,34.7996162046,61.0,178.0
149,0.0,133.46385026,0.0,0.0,145.91279734,0.0,16.4049552444,164.122110454,0.0,3.37935820241,4.51818279749,240.761337849,5.47567738726,0.0,2.78244864855,95.3795913068,187.95950377,146.750775607,86.4577857255,26.4387634773,3.54467271992,111.152737653,58.9174924043,34.7996162046,61.0,178.0
150,0.0,133.46385026,0.0,0.0,145.91279734,0.0,16.4049552444,164.122110454,0.0,3.37935820241,4.51818279749,240.761337849,5.47567738726,0.0,2.78244864855,95.3795913068,187.95950377,146.750775607,86.4577857255,26.4387634773,3.54467271992,111.152737653,58.9174924043,34.7996162046,61.0,178.0
151,0.0,133.46385026,0.0,0.0,145.91279734,0.0,16.4049552444,164.122110454,0.0,3.37935820241,4.51818279749,240.761337849,5.47567738726,0.0,2.78244864855,95.3795913068,187.95950377,146.750775607,86.4577857255,26.4387634773,3.54467271992,111.152737653,58.9174924043,34.7996162046,61.0,178.0
152,0.0,133.46385026,0.0,0.0,145.91279734,0.0,16.4049552444,164.122110454,0.0,3.37935820241,4.51818279749,240.761337849,5.47567738726,0.0,2.78244864855,95.3795913068,187.95950377,146.750775607,86.4577857255,26.4387634773,3.54467271992,111.152737653,58.9174924043,34.7996162046,61.0,178.0
153,0.0,133.46385026,0.0,0.0,145.91279734,0.0,16.4049552444,164.122110454,0.0,3.37935820241,4.51818279749,240.761337849,5.47567738726,0.0,2.78244864855,95.3795913068,187.95950377,146.750775607,86.4577857255,26.4387634773,3.54467271992,111.152737653,58.9174924043,34.7996162046,61.0,178.0
154,0.0,133.46385026,0.0,0.0,145.91279734,0.0,16.4049552444,164.122110454,0.0,3.37935820241,4.51818279749,240.761337849,5.47567738726,0.0,2.78244864855,95.3795913068,187.95950377,146.750775607,86.4577857255,26.4387634773,3.54467271992,111.152737653,58.9174924043,34.7996162046,61.0,178.0
155,0.0,133.46385026,0.0,0.0,145.91279734,0.0,16.4049552444,164.122110454,0.0,3.37935820241,4.51818279749,240.761337849,5.47567738726,0.0,2.78244864855,95.3795913068,187.95950377,146.750775607,86.4577857255,26.4387634773,3.54467271992,111.152737653,58.9174924043,34.7996162046,61.0,178.0
156,0.0,133.46385026,0.0,0.0,145.91279734,0.0,16.4049552444,164.122110454,0.0,3.37935820241,4.51818279749,240.761337849,5.47567738726,0.0,2.78244864855,95.3795913068,187.95950377,146.750775607,86.4577857255,26.4387634773,3.54467271992,111.152737653,58.9174924043,34.7996162046,61.0,178.0
157,0.0,133.46385026,0.0,0.0,145.91279734,0.0,16.4049552444,164.122110454,0.0,3.37935820241,4.51818279749,240.761337849,5.47567738726,0.0,2.78244864855,95.3795913068,187.95950377,146.750775607,86.4577857255,26.4387634773,3.54467271992,111.152737653,58.9174924043,34.7996162046,61.0,178.0
158,0.0,133.46385026,0.0,0.0,145.91279734,0.0,16.4049552444,164.122110454,0.0,3.37935820241,4.51818279749,240.761337849,5.47567738726,0.0,2.78244864855,95.3795913068,187.95950377,146.750775607,86.4577857255,26.4387634773,3.54467271992,111.152737653,58.9174924043,34.7996162046,61.0,178.0
159,0.0,133.46385026,0.0,0.0,145.91279734,0.0,16.4049552444,164.122110454,0.0,3.37935820241,4.51818279749,240.761337849,5.47567738726,0.0,2.78244864855,95.3795913068,187.95950377,146.750775607,86.4577857255,26.4387634773,3.54467271992,111.152737653,58.9174924043,34.7996162046,61.0,178.0
160,0.0,133.46385026,0.0,0.0,145.91279734,0.0,16.4049552444,164.122110454,0.0,3.37935820241,4.51818279749,240.761337849,5.47567738726,0.0,2.78244864855,95.3795913068,187.95950377,146.750775607,86.4577857255,26.4387634773,3.54467271992,111.152737653,58.9174924043,34.7996162046,61.0,178.0
161,0.0,133.46385026,0.0,0.0,145.91279734,0.0,16.4049552444,164.122110454,0.0,3.37935820241,4.51818279749,240.761337849,5.47567738726,0.0,2.78244864855,95.3795913068,187.95950377,146.750775607,86.4577857255,26.4387634773,3.54467271992,111.152737653,58.9174924043,34.7996162046,61.0,178.0
162,0.0,133.46385026,0.0,0.0,145.91279734,0.0,16.4049552444,164.122110454,0.0,3.37935820241,4.51818279749,240.761337849,5.47567738726,0.0,2.78244864855,95.3795913068,187.95950377,146.750775607,86.4577857255,26.4387634773,3.54467271992,111.152737653,58.9174924043,34.7996162046,61.0,178.0
163,0.0,133.46385026,0.0,0.0,145.91279734,0.0,16.4049552444,164.122110454,0.0,3.37935820241,4.51818279749,240.761337849,5.47567738726,0.0,2.78244864855,95.3795913068,187.95950377,146.750775607,86.4577857255,26.4387634773,3.54467271992,111.152737653,58.9174924043,34.7996162046,61.0,178.0
164,0.0,133.46385026,0.0,0.0,145.91279734,0.0,16.4049552444,164.122110454,0.0,3.37935820241,4.51818279749,240.761337849,5.47567738726,0.0,2.78244864855,95.3795913068,187.95950377,146.750775607,86.4577857255,26.4387634773,3.54467271992,111.152737653,58.9174924043,34.7996162046,61.0,178.0
165,0.0,133.46385026,0.0,0.0,145.91279734,0.0,16.4049552444,164.122110454,0.0,3.37935820241,4.51818279749,240.761337849,5.47567738726,0.0,2.78244864855,95.3795913068,187.95950377,146.750775607,86.4577857255,26.4387634773,3.54467271992,111.152737653,58.9174924043,34.7996162046,61.0,178.0
166,0.0,133.46385026,0.0,0.0,145.91279734,0.0,16.4049552444,164.122110454,0.0,3.37935820241,4.51818279749,240.761337849,5.47567738726,0.0,2.78244864855,95.3795913068,187.95950377,146.750775607,86.4577857255,26.4387634773,3.54467271992,111.152737653,58.9174924043,34.7996162046,61.0,178.0
167,0.0,133.46385026,0.0,0.0,145.91279734,0.0,16.4049552444,164.122110454,0.0,3.37935820241,4.51818279749,240.761337849,5.47567738726,0.0,2.78244864855,95.3795913068,187.95950377,146.750775607,86.4577857255,26.4387634773,3.54467271992,111.152737653,58.9174924043,34.7996162046,61.0,178.0
168,0.0,133.46385026,0.0,0.0,145.91279734,0.0,16.4049552444,164.122110454,0.0,3.37935820241,4.51818279749,240.761337849,5.47567738726,0.0,2.78244864855,95.3795913068,187.95950377,146.750775607,86.4577857255,26.4387634773,3.54467271992,111.152737653,58.9174924043,34.7996162046,61.0,178.0
169,0.0,133.46385026,0.0,0.0,145.91279734,0.0,16.4049552444,164.122110454,0.0,3.37935820241,4.51818279749,240.761337849,5.47567738726,0.0,2.78244864855,95.3795913068,187.95950377,146.750775607,86.4577857255,26.4387634773,3.54467271992,111.152737653,58.9174924043,34.7996162046,61.0,178.0
170,0.0,133.46385026,0.0,0.0,145.91279734,0.0,16.4049552444,164.122110454,0.0,3.37935820241,4.51818279749,240.761337849,5.47567738726,0.0,2.78244864855,95.3795913068,187.95950377,146.750775607,86.4577857255,26.4387634773,3.54467271992,111.152737653,58.9174924043,34.7996162046,61.0,178.0
171,0.0,133.46385026,0.0,0.0,145.91279734,0.0,16.4049552444,164.122110454,0.0,3.37935820241,4.51818279749,240.761337849,5.47567738726,0.0,2.78244864855,95.3795913068,187.95950377,146.750775607,86.4577857255,26.4387634773,3.54467271992,111.152737653,58.9174924043,34.7996162046,61.0,178.0
172,0.0,133.46385026,0.0,0.0,145.91279734,0.0,16.4049552444,164.122110454,0.0,3.37935820241,4.51818279749,240.761337849,5.47567738726,0.0,2.78244864855,95.3795913068,187.95950377,146.750775607,86.4577857255,26.4387634773,3.54467271992,111.152737653,58.9174924043,34.7996162046,61.0,178.0
173,0.0,133.46385026,0.0,0.0,145.91279734,0.0,16.4049552444,164.122110454,0.0,3.37935820241,4.51818279749,240.761337849,5.47567738726,0.0,2.78244864855,95.3795913068,187.95950377,146.750775607,86.4577857255,26.4387634773,3.54467271992,111.152737653,58.9174924043,34.7996162046,61.0,178.0
174,0.0,133.46385026,0.0,0.0,145.91279734,0.0,16.4049552444,164.122110454,0.0,3.37935820241,4.51818279749,240.761337849,5.47567738726,0.0,2.78244864855,95.3795913068,187.95950377,146.750775607,86.4577857255,26.4387634773,3.54467271992,111.152737653,58.9174924043,34.7996162046,61.0,178.0
175,0.0,133.46385026,0.0,0.0,145.91279734,0.0,16.4049552444,164.122110454,0.0,3.37935820241,4.51818279749,240.761337849,5.47567738726,0.0,2.78244864855,95.3795913068,187.95950377,146.750775607,86.4577857255,26.4387634773,3.54467271992,111.152737653,58.9174924043,34.7996162046,61.0,178.0
176,0.0,133.46385026,0.0,0.0,145.91279734,0.0,16.4049552444,164.122110454,0.0,3.37935820241,4.51818279749,240.761337849,5.47567738726,0.0,2.78244864855,95.3795913068,187.95950377,146.750775607,86.4577857255,26.4387634773,3.54467271992,111.152737653,58.9174924043,34.7996162046,61.0,178.0
177,0.0,133.46385026,0.0,0.0,145.91279734,0.0,16.4049552444,164.122110454,0.0,3.37935820241,4.51818279749,240.761337849,5.47567738726,0.0,2.78244864855,95.3795913068,187.95950377,146.750775607,86.4577857255,26.4387634773,3.54467271992,111.152737653,58.9174924043,34.7996162046,61.0,178.0
